21-10-2024,19:54:53,20.339653,85.80043
21-10-2024,19:54:54,20.339611,85.800422
21-10-2024,19:54:56,20.339605,85.800437
21-10-2024,19:54:58,20.339616,85.800437
21-10-2024,19:54:59,20.339647,85.80046
21-10-2024,19:55:01,20.339643,85.800468
21-10-2024,19:55:02,20.339628,85.800483
21-10-2024,19:55:04,20.339618,85.800483
21-10-2024,19:55:06,20.339612,85.800483
21-10-2024,19:55:07,20.339612,85.800491
21-10-2024,19:55:09,20.339622,85.800483
21-10-2024,19:55:10,20.339649,85.800476
21-10-2024,19:55:12,20.339679,85.800476
21-10-2024,19:55:14,20.339693,85.800468
21-10-2024,19:55:15,20.339712,85.800445
21-10-2024,19:55:17,20.339715,85.800445
21-10-2024,19:55:18,20.339744,85.80043
21-10-2024,19:55:20,20.339738,85.800445
21-10-2024,19:55:22,20.33975,85.800453
21-10-2024,19:55:23,20.339742,85.80046
21-10-2024,19:55:25,20.339738,85.800468
21-10-2024,19:55:26,20.339715,85.800468
21-10-2024,19:55:28,20.339714,85.800483
21-10-2024,19:55:30,20.339704,85.800453
21-10-2024,19:55:31,20.339698,85.800453
21-10-2024,19:55:33,20.339675,85.800445
21-10-2024,19:55:34,20.339618,85.800437
21-10-2024,19:55:36,20.339595,85.800437
21-10-2024,19:55:38,20.339588,85.800453
21-10-2024,19:55:39,20.33957,85.80046
21-10-2024,19:55:41,20.33957,85.80046
21-10-2024,19:55:42,20.33958,85.80046
21-10-2024,19:55:44,20.339574,85.800468
21-10-2024,19:55:46,20.339561,85.800476
21-10-2024,19:55:47,20.339555,85.800491
21-10-2024,19:55:49,20.339544,85.800491
21-10-2024,19:55:50,20.33953,85.800491
21-10-2024,19:55:52,20.339555,85.800483
21-10-2024,19:55:54,20.339574,85.800491
21-10-2024,19:55:55,20.339599,85.800498
21-10-2024,19:55:57,20.339603,85.800491
21-10-2024,19:55:58,20.339612,85.800491
21-10-2024,19:56:00,20.339578,85.800514
21-10-2024,19:56:02,20.339582,85.800506
21-10-2024,19:56:03,20.339548,85.800514
21-10-2024,19:56:05,20.339538,85.800514
21-10-2024,19:56:06,20.33954,85.800506
21-10-2024,19:56:08,20.339509,85.800514
21-10-2024,19:56:10,20.339502,85.800506
21-10-2024,19:56:11,20.339517,85.800483
21-10-2024,19:56:13,20.339508,85.800483
21-10-2024,19:56:14,20.339508,85.800483
21-10-2024,19:56:16,20.339536,85.800453
21-10-2024,19:56:18,20.339536,85.800453
21-10-2024,19:56:19,20.339546,85.800453
21-10-2024,19:56:21,20.339551,85.800468
21-10-2024,19:56:22,20.339546,85.80046
21-10-2024,19:56:24,20.339572,85.80046
21-10-2024,19:56:26,20.339576,85.800453
21-10-2024,19:56:27,20.339525,85.800453
21-10-2024,19:56:29,20.339468,85.800453
21-10-2024,19:56:30,20.339387,85.800445
21-10-2024,19:56:32,20.33933,85.800453
21-10-2024,19:56:34,20.339298,85.800468
21-10-2024,19:56:35,20.339242,85.800483
21-10-2024,19:56:37,20.339231,85.800491
21-10-2024,19:56:38,20.339248,85.800506
21-10-2024,19:56:40,20.339218,85.800521
21-10-2024,19:56:42,20.339225,85.800529
21-10-2024,19:56:43,20.339265,85.800537
21-10-2024,19:56:45,20.339286,85.800529
21-10-2024,19:56:46,20.339324,85.800529
21-10-2024,19:56:48,20.339361,85.800529
21-10-2024,19:56:50,20.339376,85.800529
21-10-2024,19:56:51,20.339414,85.800537
21-10-2024,19:56:53,20.339427,85.800544
21-10-2024,19:56:54,20.339456,85.800529
21-10-2024,19:56:56,20.339443,85.800575
21-10-2024,19:56:58,20.339448,85.800575
21-10-2024,19:56:59,20.339469,85.800567
21-10-2024,19:57:01,20.339477,85.800575
21-10-2024,19:57:02,20.339496,85.800575
21-10-2024,19:57:04,20.339488,85.800598
21-10-2024,19:57:06,20.339487,85.800605
21-10-2024,19:57:07,20.339502,85.800613
21-10-2024,19:57:09,20.33949,85.800613
21-10-2024,19:57:10,20.339468,85.800613
21-10-2024,19:57:12,20.339466,85.800628
21-10-2024,19:57:14,20.339477,85.800628
21-10-2024,19:57:15,20.339492,85.800643
21-10-2024,19:57:17,20.339511,85.800643
21-10-2024,19:57:18,20.339485,85.800659
21-10-2024,19:57:20,20.33949,85.800674
21-10-2024,19:57:22,20.339509,85.800674
21-10-2024,19:57:23,20.339565,85.800712
21-10-2024,19:57:25,20.339605,85.80072
21-10-2024,19:57:26,20.339694,85.800727
21-10-2024,19:57:28,20.339784,85.800735
21-10-2024,19:57:30,20.339822,85.800743
21-10-2024,19:57:31,20.339899,85.80075
21-10-2024,19:57:33,20.339962,85.800743
21-10-2024,19:57:34,20.339956,85.80075
21-10-2024,19:57:36,20.339962,85.80075
21-10-2024,19:57:38,20.33995,85.800743
21-10-2024,19:57:39,20.339954,85.800735
21-10-2024,19:57:41,20.339981,85.800735
21-10-2024,19:57:42,20.340065,85.80072
21-10-2024,19:57:44,20.340097,85.800712
21-10-2024,19:57:46,20.340106,85.800704
21-10-2024,19:57:47,20.340127,85.800704
21-10-2024,19:57:49,20.34015,85.800697
21-10-2024,19:57:50,20.3402,85.800689
21-10-2024,19:57:52,20.340206,85.800697
21-10-2024,19:57:54,20.340185,85.800697
21-10-2024,19:57:55,20.340156,85.800697
21-10-2024,19:57:57,20.340131,85.800697
21-10-2024,19:57:58,20.340101,85.800697
21-10-2024,19:58:00,20.340099,85.800689
21-10-2024,19:58:01,20.340055,85.800689
21-10-2024,19:58:03,20.340023,85.800682
21-10-2024,19:58:05,20.340005,85.800682
21-10-2024,19:58:06,20.339977,85.800682
21-10-2024,19:58:08,20.33995,85.800682
21-10-2024,19:58:09,20.33991,85.800682
21-10-2024,19:58:11,20.339893,85.800682
21-10-2024,19:58:12,20.340059,85.800674
21-10-2024,19:58:14,20.340021,85.800682
21-10-2024,19:58:16,20.339994,85.800682
21-10-2024,19:58:17,20.339967,85.800674
21-10-2024,19:58:19,20.33995,85.800674
21-10-2024,19:58:20,20.33991,85.800666
21-10-2024,19:58:22,20.339878,85.800666
21-10-2024,19:58:23,20.339849,85.800659
21-10-2024,19:58:25,20.339836,85.800666
21-10-2024,19:58:27,20.339809,85.800674
21-10-2024,19:58:28,20.339807,85.800682
21-10-2024,19:58:30,20.339788,85.800682
21-10-2024,19:58:31,20.339765,85.800689
21-10-2024,19:58:33,20.339754,85.800689
21-10-2024,19:58:34,20.339725,85.800689
21-10-2024,19:58:36,20.339675,85.800689
21-10-2024,19:58:38,20.339673,85.800682
21-10-2024,19:58:39,20.339635,85.800674
21-10-2024,19:58:41,20.339632,85.800666
21-10-2024,19:58:42,20.339618,85.800659
21-10-2024,19:58:44,20.339612,85.800651
21-10-2024,19:58:45,20.339599,85.800643
21-10-2024,19:58:47,20.339601,85.800636
21-10-2024,19:58:49,20.339607,85.800628
21-10-2024,19:58:50,20.339605,85.800621
21-10-2024,19:58:52,20.339601,85.800621
21-10-2024,19:58:53,20.339653,85.800605
21-10-2024,19:58:55,20.33967,85.800598
21-10-2024,19:58:56,20.33967,85.80059
21-10-2024,19:58:58,20.339662,85.800582
21-10-2024,19:59:00,20.33966,85.800582
21-10-2024,19:59:01,20.339672,85.800567
21-10-2024,19:59:03,20.339654,85.800559
21-10-2024,19:59:04,20.339639,85.800559
21-10-2024,19:59:06,20.339635,85.800552
21-10-2024,19:59:07,20.339626,85.800552
21-10-2024,19:59:09,20.339595,85.800552
21-10-2024,19:59:11,20.339586,85.800552
21-10-2024,19:59:12,20.339572,85.800552
21-10-2024,19:59:14,20.339561,85.800544
21-10-2024,19:59:15,20.339559,85.800537
21-10-2024,19:59:17,20.339557,85.800537
21-10-2024,19:59:18,20.33955,85.800529
21-10-2024,19:59:20,20.339527,85.800514
21-10-2024,19:59:22,20.339521,85.800514
21-10-2024,19:59:23,20.339534,85.800491
21-10-2024,19:59:25,20.339525,85.800483
21-10-2024,19:59:26,20.339509,85.800483
21-10-2024,19:59:28,20.339521,85.800483
21-10-2024,19:59:29,20.339525,85.800483
21-10-2024,19:59:31,20.339519,85.800476
21-10-2024,19:59:33,20.339504,85.800476
21-10-2024,19:59:34,20.339498,85.800491
21-10-2024,19:59:36,20.339508,85.800483
21-10-2024,19:59:37,20.339481,85.800483
21-10-2024,19:59:39,20.339466,85.800483
21-10-2024,19:59:40,20.339448,85.800483
21-10-2024,19:59:42,20.339439,85.800491
21-10-2024,19:59:44,20.339405,85.800476
21-10-2024,19:59:45,20.339384,85.800483
21-10-2024,19:59:47,20.339389,85.800491
21-10-2024,19:59:48,20.339385,85.800498
21-10-2024,19:59:50,20.339391,85.800498
21-10-2024,19:59:51,20.339393,85.800506
21-10-2024,19:59:53,20.339416,85.800521
21-10-2024,19:59:55,20.339435,85.800521
21-10-2024,19:59:56,20.339447,85.800521
21-10-2024,19:59:58,20.339466,85.800521
21-10-2024,19:59:59,20.339454,85.800521
21-10-2024,20:00:01,20.339464,85.800521
21-10-2024,20:00:02,20.339462,85.800514
21-10-2024,20:00:04,20.339471,85.800514
21-10-2024,20:00:06,20.339481,85.800514
21-10-2024,20:00:07,20.339498,85.800514
21-10-2024,20:00:09,20.339504,85.800521
21-10-2024,20:00:10,20.339515,85.800521
21-10-2024,20:00:12,20.339529,85.800521
21-10-2024,20:00:13,20.339548,85.800537
21-10-2024,20:00:15,20.33954,85.800514
21-10-2024,20:00:17,20.339561,85.800529
21-10-2024,20:00:18,20.339569,85.800529
21-10-2024,20:00:20,20.339584,85.800521
21-10-2024,20:00:21,20.339593,85.800544
21-10-2024,20:00:23,20.339609,85.800537
21-10-2024,20:00:24,20.339603,85.800544
21-10-2024,20:00:26,20.339597,85.800552
21-10-2024,20:00:28,20.339593,85.800559
21-10-2024,20:00:29,20.33959,85.800559
21-10-2024,20:00:31,20.339586,85.800559
21-10-2024,20:00:32,20.339599,85.800575
21-10-2024,20:00:34,20.339611,85.800575
21-10-2024,20:00:35,20.339626,85.800575
21-10-2024,20:00:37,20.339647,85.800582
21-10-2024,20:00:39,20.339653,85.800582
21-10-2024,20:00:40,20.339641,85.800582
21-10-2024,20:00:42,20.339649,85.800598
21-10-2024,20:00:43,20.339668,85.800613
21-10-2024,20:00:45,20.339658,85.80059
21-10-2024,20:00:46,20.339647,85.800605
21-10-2024,20:00:48,20.339635,85.80059
21-10-2024,20:00:50,20.339653,85.800598
21-10-2024,20:00:51,20.339666,85.80059
21-10-2024,20:00:53,20.339658,85.800598
21-10-2024,20:00:54,20.339675,85.800605
21-10-2024,20:00:56,20.339687,85.800613
21-10-2024,20:00:57,20.339706,85.800628
21-10-2024,20:00:59,20.339731,85.800643
21-10-2024,20:01:01,20.339725,85.800643
21-10-2024,20:01:02,20.339712,85.800651
21-10-2024,20:01:04,20.33971,85.800643
21-10-2024,20:01:05,20.339696,85.800651
21-10-2024,20:01:07,20.339691,85.800651
21-10-2024,20:01:08,20.339672,85.800651
21-10-2024,20:01:10,20.339744,85.800651
21-10-2024,20:01:12,20.33975,85.800674
21-10-2024,20:01:13,20.339782,85.800689
21-10-2024,20:01:15,20.339786,85.800682
21-10-2024,20:01:16,20.339813,85.800674
21-10-2024,20:01:18,20.339815,85.800666
21-10-2024,20:01:19,20.339797,85.800643
21-10-2024,20:01:21,20.339799,85.800636
21-10-2024,20:01:23,20.33978,85.800643
21-10-2024,20:01:24,20.339796,85.800659
21-10-2024,20:01:26,20.33979,85.800666
21-10-2024,20:01:27,20.339786,85.800666
21-10-2024,20:01:29,20.339778,85.800666
21-10-2024,20:01:30,20.339801,85.800666
21-10-2024,20:01:32,20.33982,85.800674
21-10-2024,20:01:34,20.339824,85.800666
21-10-2024,20:01:35,20.339824,85.800666
21-10-2024,20:01:37,20.33982,85.800659
21-10-2024,20:01:38,20.339805,85.800659
21-10-2024,20:01:40,20.339805,85.800643
21-10-2024,20:01:41,20.339811,85.800636
21-10-2024,20:01:43,20.339836,85.800636
21-10-2024,20:01:45,20.339834,85.800643
21-10-2024,20:01:46,20.339834,85.800643
21-10-2024,20:01:48,20.339834,85.800636
21-10-2024,20:01:49,20.339822,85.800651
21-10-2024,20:01:51,20.339828,85.800651
21-10-2024,20:01:52,20.339838,85.800636
21-10-2024,20:01:54,20.339832,85.800628
21-10-2024,20:01:56,20.339773,85.800613
21-10-2024,20:01:57,20.339775,85.800605
21-10-2024,20:01:59,20.339773,85.800605
21-10-2024,20:02:00,20.339773,85.800605
21-10-2024,20:02:02,20.339851,85.800567
21-10-2024,20:02:03,20.339849,85.800559
21-10-2024,20:02:05,20.339895,85.800559
21-10-2024,20:02:07,20.339897,85.800567
21-10-2024,20:02:08,20.339908,85.800582
21-10-2024,20:02:10,20.33991,85.800582
21-10-2024,20:02:11,20.339885,85.80059
21-10-2024,20:02:13,20.339879,85.80059
21-10-2024,20:02:14,20.339813,85.800621
21-10-2024,20:02:16,20.339792,85.800605
21-10-2024,20:02:18,20.33979,85.800605
21-10-2024,20:02:19,20.339735,85.800613
21-10-2024,20:02:21,20.339704,85.800628
21-10-2024,20:02:22,20.339689,85.800628
21-10-2024,20:02:24,20.339685,85.800636
21-10-2024,20:02:25,20.339712,85.800643
21-10-2024,20:02:27,20.339824,85.800582
21-10-2024,20:02:29,20.339836,85.800582
21-10-2024,20:02:30,20.339845,85.800575
21-10-2024,20:02:32,20.339866,85.800559
21-10-2024,20:02:33,20.339883,85.800559
21-10-2024,20:02:35,20.339881,85.800567
21-10-2024,20:02:36,20.339879,85.800567
21-10-2024,20:02:38,20.339851,85.800598
21-10-2024,20:02:40,20.339834,85.800613
21-10-2024,20:02:41,20.339838,85.800621
21-10-2024,20:02:43,20.339857,85.800613
21-10-2024,20:02:44,20.339881,85.800621
21-10-2024,20:02:46,20.33987,85.800621
21-10-2024,20:02:47,20.339872,85.800613
21-10-2024,20:02:49,20.33987,85.800605
21-10-2024,20:02:51,20.339849,85.800613
21-10-2024,20:02:52,20.339818,85.800605
21-10-2024,20:02:54,20.339836,85.800598
21-10-2024,20:02:55,20.339805,85.80059
21-10-2024,20:02:57,20.339803,85.800582
21-10-2024,20:02:58,20.339801,85.800575
21-10-2024,20:03:00,20.339788,85.80059
21-10-2024,20:03:02,20.339794,85.800582
21-10-2024,20:03:03,20.339765,85.800575
21-10-2024,20:03:05,20.339756,85.80059
21-10-2024,20:03:06,20.339717,85.800598
21-10-2024,20:03:08,20.339708,85.80059
21-10-2024,20:03:09,20.339694,85.800582
21-10-2024,20:03:11,20.339658,85.800613
21-10-2024,20:03:13,20.339666,85.800613
21-10-2024,20:03:14,20.339656,85.800613
21-10-2024,20:03:16,20.33966,85.800613
21-10-2024,20:03:17,20.339653,85.800598
21-10-2024,20:03:19,20.339645,85.800598
21-10-2024,20:03:21,20.339633,85.800598
21-10-2024,20:03:22,20.339622,85.800598
21-10-2024,20:03:24,20.339622,85.800598
21-10-2024,20:03:25,20.339626,85.80059
21-10-2024,20:03:27,20.339612,85.800598
21-10-2024,20:03:28,20.339597,85.80059
21-10-2024,20:03:30,20.339578,85.800598
21-10-2024,20:03:32,20.339586,85.800613
21-10-2024,20:03:33,20.339559,85.800636
21-10-2024,20:03:35,20.339544,85.800643
21-10-2024,20:03:36,20.339557,85.800643
21-10-2024,20:03:38,20.339551,85.800651
21-10-2024,20:03:39,20.339555,85.800659
21-10-2024,20:03:41,20.339551,85.800666
21-10-2024,20:03:43,20.339555,85.800659
21-10-2024,20:03:44,20.339523,85.800674
21-10-2024,20:03:46,20.339519,85.800674
21-10-2024,20:03:47,20.339511,85.800674
21-10-2024,20:03:49,20.339525,85.800666
21-10-2024,20:03:50,20.339517,85.800651
21-10-2024,20:03:52,20.339511,85.800651
21-10-2024,20:03:54,20.339517,85.800651
21-10-2024,20:03:55,20.339511,85.800643
21-10-2024,20:03:57,20.339511,85.800636
21-10-2024,20:03:58,20.339492,85.800651
21-10-2024,20:04:00,20.339506,85.800643
21-10-2024,20:04:01,20.339494,85.800651
21-10-2024,20:04:03,20.339426,85.800666
21-10-2024,20:04:05,20.339424,85.800674
21-10-2024,20:04:06,20.33941,85.800674
21-10-2024,20:04:08,20.339387,85.800674
21-10-2024,20:04:09,20.339401,85.800651
21-10-2024,20:04:11,20.339401,85.800643
21-10-2024,20:04:12,20.339397,85.800651
21-10-2024,20:04:14,20.339403,85.800643
21-10-2024,20:04:16,20.339405,85.800643
21-10-2024,20:04:17,20.339408,85.800636
21-10-2024,20:04:19,20.339403,85.800636
21-10-2024,20:04:20,20.339414,85.800621
21-10-2024,20:04:22,20.339403,85.800636
21-10-2024,20:04:23,20.33942,85.800613
21-10-2024,20:04:25,20.339412,85.800613
21-10-2024,20:04:27,20.33941,85.800605
21-10-2024,20:04:28,20.33941,85.800613
21-10-2024,20:04:30,20.339405,85.800613
21-10-2024,20:04:31,20.339424,85.800605
21-10-2024,20:04:33,20.339422,85.800605
21-10-2024,20:04:34,20.339443,85.800582
21-10-2024,20:04:36,20.339443,85.80059
21-10-2024,20:04:38,20.339448,85.800582
21-10-2024,20:04:39,20.339448,85.800582
21-10-2024,20:04:41,20.339452,85.80059
21-10-2024,20:04:42,20.339458,85.800582
21-10-2024,20:04:44,20.339469,85.800582
21-10-2024,20:04:45,20.339506,85.800552
21-10-2024,20:04:47,20.33953,85.800521
21-10-2024,20:04:49,20.339548,85.800514
21-10-2024,20:04:50,20.339557,85.800498
21-10-2024,20:04:52,20.339563,85.800483
21-10-2024,20:04:53,20.339559,85.800476
21-10-2024,20:04:55,20.339546,85.800476
21-10-2024,20:04:57,20.339532,85.800476
21-10-2024,20:04:58,20.339538,85.800476
21-10-2024,20:05:00,20.33953,85.800483
21-10-2024,20:05:01,20.339534,85.800491
21-10-2024,20:05:03,20.339519,85.800498
21-10-2024,20:05:04,20.339496,85.800506
21-10-2024,20:05:06,20.339471,85.800521
21-10-2024,20:05:08,20.339485,85.800521
21-10-2024,20:05:09,20.339492,85.800514
21-10-2024,20:05:11,20.339492,85.800521
21-10-2024,20:05:12,20.339494,85.800514
21-10-2024,20:05:14,20.339487,85.800521
21-10-2024,20:05:15,20.339508,85.800514
21-10-2024,20:05:17,20.339527,85.800514
21-10-2024,20:05:19,20.33953,85.800514
21-10-2024,20:05:20,20.339544,85.800514
21-10-2024,20:05:22,20.33955,85.800514
21-10-2024,20:05:23,20.339544,85.800521
21-10-2024,20:05:25,20.339538,85.800529
21-10-2024,20:05:26,20.339574,85.800521
21-10-2024,20:05:28,20.339599,85.800521
21-10-2024,20:05:30,20.339599,85.800521
21-10-2024,20:05:31,20.339611,85.800521
21-10-2024,20:05:33,20.33962,85.800521
21-10-2024,20:05:34,20.339607,85.800544
21-10-2024,20:05:36,20.339574,85.800567
21-10-2024,20:05:38,20.339565,85.800567
21-10-2024,20:05:39,20.33955,85.800575
21-10-2024,20:05:41,20.339538,85.800575
21-10-2024,20:05:42,20.339525,85.80059
21-10-2024,20:05:44,20.33953,85.800582
21-10-2024,20:05:45,20.339511,85.800598
21-10-2024,20:05:47,20.339538,85.800598
21-10-2024,20:05:49,20.339532,85.800605
21-10-2024,20:05:50,20.339532,85.800613
21-10-2024,20:05:52,20.3395,85.800636
21-10-2024,20:05:53,20.339466,85.800666
21-10-2024,20:05:55,20.339454,85.800666
21-10-2024,20:05:57,20.339466,85.800659
21-10-2024,20:05:58,20.339487,85.800659
21-10-2024,20:06:00,20.339513,85.800643
21-10-2024,20:06:01,20.339538,85.800628
21-10-2024,20:06:03,20.339542,85.800628
21-10-2024,20:06:04,20.33954,85.800621
21-10-2024,20:06:06,20.33955,85.800621
21-10-2024,20:06:08,20.339548,85.800621
21-10-2024,20:06:09,20.339468,85.800651
21-10-2024,20:06:11,20.339456,85.800659
21-10-2024,20:06:12,20.339456,85.800651
21-10-2024,20:06:14,20.339445,85.800659
21-10-2024,20:06:15,20.33942,85.800666
21-10-2024,20:06:17,20.339408,85.800666
21-10-2024,20:06:19,20.339406,85.800674
21-10-2024,20:06:20,20.339395,85.800674
21-10-2024,20:06:22,20.339433,85.800666
21-10-2024,20:06:23,20.339429,85.800666
21-10-2024,20:06:25,20.339452,85.800659
21-10-2024,20:06:26,20.33945,85.800659
21-10-2024,20:06:28,20.33945,85.800659
21-10-2024,20:06:30,20.339454,85.800659
21-10-2024,20:06:31,20.339483,85.800651
21-10-2024,20:06:33,20.339485,85.800659
21-10-2024,20:06:34,20.339521,85.800643
21-10-2024,20:06:36,20.339529,85.800636
21-10-2024,20:06:37,20.339471,85.800651
21-10-2024,20:06:39,20.339477,85.800651
21-10-2024,20:06:41,20.339481,85.800643
21-10-2024,20:06:42,20.339509,85.800628
21-10-2024,20:06:44,20.339511,85.800628
21-10-2024,20:06:45,20.339523,85.800621
21-10-2024,20:06:47,20.339513,85.800621
21-10-2024,20:06:48,20.339458,85.800643
21-10-2024,20:06:50,20.339418,85.800659
21-10-2024,20:06:52,20.339401,85.800666
21-10-2024,20:06:53,20.339395,85.800666
21-10-2024,20:06:55,20.339401,85.800666
21-10-2024,20:06:56,20.339418,85.800651
21-10-2024,20:06:58,20.339416,85.800659
21-10-2024,20:06:59,20.339393,85.800666
21-10-2024,20:07:01,20.339372,85.800674
21-10-2024,20:07:03,20.339368,85.800682
21-10-2024,20:07:04,20.339359,85.800689
21-10-2024,20:07:06,20.339349,85.800689
21-10-2024,20:07:07,20.339347,85.800689
21-10-2024,20:07:09,20.339349,85.800689
21-10-2024,20:07:10,20.339336,85.800697
21-10-2024,20:07:12,20.339334,85.800704
21-10-2024,20:07:14,20.339344,85.800704
21-10-2024,20:07:15,20.339366,85.800689
21-10-2024,20:07:17,20.339366,85.800697
21-10-2024,20:07:18,20.339361,85.800704
21-10-2024,20:07:20,20.339372,85.800704
21-10-2024,20:07:21,20.339372,85.800704
21-10-2024,20:07:23,20.339378,85.800704
21-10-2024,20:07:25,20.339389,85.800704
21-10-2024,20:07:26,20.339378,85.800712
21-10-2024,20:07:28,20.339365,85.80072
21-10-2024,20:07:29,20.339361,85.80072
21-10-2024,20:07:31,20.339361,85.80072
21-10-2024,20:07:32,20.339345,85.800727
21-10-2024,20:07:34,20.339321,85.800735
21-10-2024,20:07:36,20.339321,85.800735
21-10-2024,20:07:37,20.339334,85.800727
21-10-2024,20:07:39,20.339349,85.80072
21-10-2024,20:07:40,20.339374,85.800712
21-10-2024,20:07:42,20.339363,85.800712
21-10-2024,20:07:44,20.339357,85.800712
21-10-2024,20:07:45,20.339363,85.800704
21-10-2024,20:07:47,20.339366,85.800704
21-10-2024,20:07:48,20.339393,85.800697
21-10-2024,20:07:50,20.339403,85.800697
21-10-2024,20:07:51,20.33941,85.800697
21-10-2024,20:07:53,20.339422,85.800689
21-10-2024,20:07:55,20.339426,85.800689
21-10-2024,20:07:56,20.339448,85.800682
21-10-2024,20:07:58,20.339445,85.800682
21-10-2024,20:07:59,20.339454,85.800674
21-10-2024,20:08:01,20.33946,85.800674
21-10-2024,20:08:02,20.339466,85.800674
21-10-2024,20:08:04,20.339464,85.800674
21-10-2024,20:08:06,20.339473,85.800674
21-10-2024,20:08:07,20.339471,85.800674
21-10-2024,20:08:09,20.339466,85.800682
21-10-2024,20:08:10,20.339462,85.800674
21-10-2024,20:08:12,20.339462,85.800674
21-10-2024,20:08:13,20.339454,85.800682
21-10-2024,20:08:15,20.339452,85.800682
21-10-2024,20:08:17,20.339454,85.800682
21-10-2024,20:08:18,20.339464,85.800682
21-10-2024,20:08:20,20.339477,85.800674
21-10-2024,20:08:21,20.339496,85.800666
21-10-2024,20:08:23,20.339504,85.800666
21-10-2024,20:08:24,20.339506,85.800674
21-10-2024,20:08:26,20.339504,85.800674
21-10-2024,20:08:28,20.339498,85.800674
21-10-2024,20:08:29,20.339498,85.800674
21-10-2024,20:08:31,20.339496,85.800674
21-10-2024,20:08:32,20.339504,85.800674
21-10-2024,20:08:34,20.339513,85.800666
21-10-2024,20:08:35,20.339506,85.800666
21-10-2024,20:08:37,20.339494,85.800674
21-10-2024,20:08:39,20.339492,85.800682
21-10-2024,20:08:40,20.339521,85.800666
21-10-2024,20:08:42,20.339527,85.800666
21-10-2024,20:08:43,20.339529,85.800666
21-10-2024,20:08:45,20.339534,85.800666
21-10-2024,20:08:46,20.339542,85.800666
21-10-2024,20:08:48,20.339546,85.800666
21-10-2024,20:08:50,20.33955,85.800666
21-10-2024,20:08:51,20.339559,85.800666
21-10-2024,20:08:53,20.339553,85.800666
21-10-2024,20:08:54,20.339561,85.800666
21-10-2024,20:08:56,20.339569,85.800666
21-10-2024,20:08:57,20.339565,85.800666
21-10-2024,20:08:59,20.339565,85.800666
21-10-2024,20:09:01,20.339567,85.800666
21-10-2024,20:09:02,20.33957,85.800666
21-10-2024,20:09:04,20.339572,85.800666
21-10-2024,20:09:05,20.339569,85.800666
21-10-2024,20:09:07,20.339565,85.800666
21-10-2024,20:09:08,20.339561,85.800674
21-10-2024,20:09:10,20.339567,85.800666
21-10-2024,20:09:12,20.339567,85.800659
21-10-2024,20:09:13,20.339555,85.800659
21-10-2024,20:09:15,20.339553,85.800659
21-10-2024,20:09:16,20.339557,85.800651
21-10-2024,20:09:18,20.339555,85.800651
21-10-2024,20:09:19,20.33957,85.800643
21-10-2024,20:09:21,20.339567,85.800643
21-10-2024,20:09:23,20.339572,85.800643
21-10-2024,20:09:24,20.339576,85.800643
21-10-2024,20:09:26,20.339574,85.800651
21-10-2024,20:09:27,20.339563,85.800651
21-10-2024,20:09:29,20.339548,85.800659
21-10-2024,20:09:30,20.33953,85.800659
21-10-2024,20:09:32,20.339521,85.800659
21-10-2024,20:09:34,20.339529,85.800651
21-10-2024,20:09:35,20.339525,85.800651
21-10-2024,20:09:37,20.339523,85.800651
21-10-2024,20:09:38,20.339519,85.800651
21-10-2024,20:09:40,20.339527,85.800643
21-10-2024,20:09:41,20.339534,85.800636
21-10-2024,20:09:43,20.339532,85.800628
21-10-2024,20:09:45,20.339534,85.800621
21-10-2024,20:09:46,20.339538,85.800621
21-10-2024,20:09:48,20.339538,85.800613
21-10-2024,20:09:49,20.339534,85.800613
21-10-2024,20:09:51,20.33953,85.800613
21-10-2024,20:09:52,20.339525,85.800613
21-10-2024,20:09:54,20.339519,85.800621
21-10-2024,20:09:56,20.339515,85.800621
21-10-2024,20:09:57,20.339506,85.800621
21-10-2024,20:09:59,20.339506,85.800621
21-10-2024,20:10:00,20.339502,85.800621
21-10-2024,20:10:02,20.3395,85.800621
21-10-2024,20:10:03,20.339498,85.800628
21-10-2024,20:10:05,20.339496,85.800628
21-10-2024,20:10:06,20.339494,85.800628
21-10-2024,20:10:08,20.339487,85.800636
21-10-2024,20:10:10,20.339488,85.800628
21-10-2024,20:10:11,20.339487,85.800636
21-10-2024,20:10:13,20.339485,85.800636
21-10-2024,20:10:14,20.339487,85.800628
21-10-2024,20:10:16,20.339485,85.800636
21-10-2024,20:10:17,20.339481,85.800636
21-10-2024,20:10:19,20.339481,85.800636
21-10-2024,20:10:20,20.339483,85.800636
21-10-2024,20:10:22,20.339485,85.800636
21-10-2024,20:10:24,20.339483,85.800636
21-10-2024,20:10:25,20.339485,85.800636
21-10-2024,20:10:27,20.339483,85.800636
21-10-2024,20:10:28,20.339487,85.800636
21-10-2024,20:10:30,20.33949,85.800636
21-10-2024,20:10:31,20.339492,85.800636
21-10-2024,20:10:33,20.339494,85.800636
21-10-2024,20:10:34,20.339498,85.800636
21-10-2024,20:10:36,20.339504,85.800636
21-10-2024,20:10:38,20.339504,85.800636
21-10-2024,20:10:39,20.339504,85.800636
21-10-2024,20:10:41,20.339504,85.800636
21-10-2024,20:10:42,20.339498,85.800643
21-10-2024,20:10:44,20.339488,85.800643
21-10-2024,20:10:45,20.33949,85.800651
21-10-2024,20:10:47,20.339496,85.800643
21-10-2024,20:10:48,20.339485,85.800651
21-10-2024,20:10:50,20.339479,85.800651
21-10-2024,20:10:52,20.339485,85.800651
21-10-2024,20:10:53,20.339481,85.800651
21-10-2024,20:10:55,20.339481,85.800651
21-10-2024,20:10:56,20.339483,85.800651
21-10-2024,20:10:58,20.339483,85.800643
21-10-2024,20:10:59,20.339485,85.800643
21-10-2024,20:11:01,20.339488,85.800651
21-10-2024,20:11:02,20.339487,85.800651
21-10-2024,20:11:04,20.339479,85.800651
21-10-2024,20:11:06,20.339477,85.800651
21-10-2024,20:11:07,20.339458,85.800651
21-10-2024,20:11:09,20.339462,85.800651
21-10-2024,20:11:10,20.339456,85.800643
21-10-2024,20:11:12,20.33945,85.800651
21-10-2024,20:11:13,20.339456,85.800643
21-10-2024,20:11:15,20.339462,85.800643
21-10-2024,20:11:16,20.339458,85.800643
21-10-2024,20:11:18,20.339448,85.800643
21-10-2024,20:11:20,20.33945,85.800636
21-10-2024,20:11:21,20.339448,85.800636
21-10-2024,20:11:23,20.339445,85.800636
21-10-2024,20:11:24,20.339437,85.800636
21-10-2024,20:11:26,20.339445,85.800628
21-10-2024,20:11:27,20.339466,85.800621
21-10-2024,20:11:29,20.339458,85.800621
21-10-2024,20:11:30,20.339471,85.800613
21-10-2024,20:11:32,20.33946,85.800621
21-10-2024,20:11:34,20.339498,85.800605
21-10-2024,20:11:35,20.33955,85.800582
21-10-2024,20:11:37,20.33955,85.800582
21-10-2024,20:11:38,20.339584,85.800552
21-10-2024,20:11:40,20.339601,85.800552
21-10-2024,20:11:41,20.339653,85.800537
21-10-2024,20:11:43,20.339696,85.800521
21-10-2024,20:11:44,20.339719,85.800506
21-10-2024,20:11:46,20.339735,85.800491
21-10-2024,20:11:48,20.339746,85.800491
21-10-2024,20:11:49,20.339757,85.800491
21-10-2024,20:11:51,20.339765,85.800483
21-10-2024,20:11:52,20.339775,85.800476
21-10-2024,20:11:54,20.339767,85.800476
21-10-2024,20:11:55,20.339759,85.800468
21-10-2024,20:11:57,20.339756,85.800476
21-10-2024,20:11:58,20.339729,85.800491
21-10-2024,20:12:00,20.339717,85.800498
21-10-2024,20:12:02,20.339702,85.800514
21-10-2024,20:12:03,20.339706,85.800514
21-10-2024,20:12:05,20.339708,85.800521
21-10-2024,20:12:06,20.339694,85.800521
21-10-2024,20:12:08,20.339679,85.800529
21-10-2024,20:12:09,20.339685,85.800521
21-10-2024,20:12:11,20.339691,85.800521
21-10-2024,20:12:12,20.339715,85.800506
21-10-2024,20:12:14,20.339725,85.800506
21-10-2024,20:12:16,20.339731,85.800506
21-10-2024,20:12:17,20.339748,85.800498
21-10-2024,20:12:19,20.33975,85.800491
21-10-2024,20:12:20,20.339767,85.800491
21-10-2024,20:12:22,20.339805,85.800468
21-10-2024,20:12:23,20.339838,85.800453
21-10-2024,20:12:25,20.339853,85.800453
21-10-2024,20:12:26,20.339879,85.800437
21-10-2024,20:12:28,20.339933,85.800415
21-10-2024,20:12:30,20.339942,85.800415
21-10-2024,20:12:31,20.339996,85.800392
21-10-2024,20:12:33,20.340009,85.800392
21-10-2024,20:12:34,20.339468,85.800559
21-10-2024,20:12:36,20.339374,85.80059
21-10-2024,20:12:37,20.339241,85.800628
21-10-2024,20:12:39,20.339214,85.800636
21-10-2024,20:12:40,20.339122,85.800659
21-10-2024,20:12:42,20.339086,85.800674
21-10-2024,20:12:44,20.339069,85.800674
21-10-2024,20:12:45,20.339057,85.800674
21-10-2024,20:12:47,20.339052,85.800682
21-10-2024,20:12:48,20.339048,85.800682
21-10-2024,20:12:50,20.339048,85.800689
21-10-2024,20:12:51,20.339036,85.800697
21-10-2024,20:12:53,20.339027,85.800704
21-10-2024,20:12:55,20.339027,85.800704
21-10-2024,20:12:56,20.339029,85.800712
21-10-2024,20:12:58,20.339029,85.80072
21-10-2024,20:12:59,20.339031,85.800727
21-10-2024,20:13:01,20.339035,85.800735
21-10-2024,20:13:02,20.339025,85.800743
21-10-2024,20:13:04,20.339017,85.80075
21-10-2024,20:13:05,20.339002,85.800765
21-10-2024,20:13:07,20.338998,85.800773
21-10-2024,20:13:08,20.339002,85.800781
21-10-2024,20:13:10,20.339014,85.800781
21-10-2024,20:13:12,20.339019,85.800781
21-10-2024,20:13:13,20.339035,85.800773
21-10-2024,20:13:15,20.339038,85.800773
21-10-2024,20:13:16,20.339048,85.800773
21-10-2024,20:13:18,20.339046,85.800773
21-10-2024,20:13:19,20.339061,85.800773
21-10-2024,20:13:21,20.339078,85.800765
21-10-2024,20:13:22,20.33908,85.800765
21-10-2024,20:13:24,20.339105,85.800758
21-10-2024,20:13:26,20.339107,85.800758
21-10-2024,20:13:27,20.339111,85.800758
21-10-2024,20:13:29,20.339117,85.800758
21-10-2024,20:13:30,20.339124,85.800765
21-10-2024,20:13:32,20.339128,85.800765
21-10-2024,20:13:33,20.33913,85.800758
21-10-2024,20:13:35,20.339132,85.800758
21-10-2024,20:13:36,20.33913,85.800758
21-10-2024,20:13:38,20.339122,85.800758
21-10-2024,20:13:40,20.339122,85.800758
21-10-2024,20:13:41,20.339126,85.800765
21-10-2024,20:13:43,20.339141,85.800765
21-10-2024,20:13:44,20.339159,85.800765
21-10-2024,20:13:46,20.339178,85.800765
21-10-2024,20:13:47,20.339191,85.800758
21-10-2024,20:13:49,20.339187,85.800758
21-10-2024,20:13:50,20.339189,85.80075
21-10-2024,20:13:52,20.339239,85.800735
21-10-2024,20:13:54,20.339231,85.800735
21-10-2024,20:13:55,20.339239,85.800735
21-10-2024,20:13:57,20.339254,85.80072
21-10-2024,20:13:58,20.339265,85.80072
21-10-2024,20:14:00,20.339267,85.80072
21-10-2024,20:14:01,20.339279,85.80072
21-10-2024,20:14:03,20.339282,85.80072
21-10-2024,20:14:04,20.339286,85.80072
21-10-2024,20:14:06,20.339277,85.80072
21-10-2024,20:14:08,20.339273,85.80072
21-10-2024,20:14:09,20.339267,85.80072
21-10-2024,20:14:11,20.339265,85.800712
21-10-2024,20:14:12,20.339252,85.800727
21-10-2024,20:14:14,20.339244,85.800727
21-10-2024,20:14:15,20.339258,85.80072
21-10-2024,20:14:17,20.339254,85.80072
21-10-2024,20:14:19,20.339256,85.80072
21-10-2024,20:14:20,20.339277,85.80072
21-10-2024,20:14:22,20.339271,85.80072
21-10-2024,20:14:23,20.33929,85.80072
21-10-2024,20:14:25,20.339277,85.80072
21-10-2024,20:14:26,20.339271,85.800704
21-10-2024,20:14:28,20.339277,85.800704
21-10-2024,20:14:29,20.339292,85.800697
21-10-2024,20:14:31,20.339279,85.800697
21-10-2024,20:14:33,20.339277,85.800697
21-10-2024,20:14:34,20.339273,85.800689
21-10-2024,20:14:36,20.339271,85.800682
21-10-2024,20:14:37,20.3393,85.800674
21-10-2024,20:14:39,20.339311,85.800666
21-10-2024,20:14:40,20.339313,85.800651
21-10-2024,20:14:42,20.33933,85.800621
21-10-2024,20:14:44,20.339332,85.800628
21-10-2024,20:14:45,20.339309,85.800628
21-10-2024,20:14:47,20.339273,85.800643
21-10-2024,20:14:48,20.339258,85.800682
21-10-2024,20:14:50,20.339277,85.800697
21-10-2024,20:14:51,20.339307,85.800712
21-10-2024,20:14:53,20.339307,85.800704
21-10-2024,20:14:54,20.339355,85.800704
21-10-2024,20:14:56,20.33937,85.800712
21-10-2024,20:14:58,20.339382,85.800697
21-10-2024,20:14:59,20.339395,85.800704
21-10-2024,20:15:01,20.339406,85.800712
21-10-2024,20:15:02,20.339385,85.800704
21-10-2024,20:15:04,20.339393,85.800697
21-10-2024,20:15:05,20.339376,85.800689
21-10-2024,20:15:07,20.339351,85.800674
21-10-2024,20:15:08,20.339344,85.800666
21-10-2024,20:15:10,20.339324,85.800643
21-10-2024,20:15:12,20.339311,85.800628
21-10-2024,20:15:13,20.339317,85.800621
21-10-2024,20:15:15,20.339305,85.800613
21-10-2024,20:15:16,20.3393,85.800598
21-10-2024,20:15:18,20.339303,85.800605
21-10-2024,20:15:19,20.339298,85.80059
21-10-2024,20:15:21,20.339288,85.800582
21-10-2024,20:15:22,20.339275,85.800567
21-10-2024,20:15:24,20.339286,85.800567
21-10-2024,20:15:26,20.339292,85.800567
21-10-2024,20:15:27,20.33929,85.800559
21-10-2024,20:15:29,20.33929,85.800559
21-10-2024,20:15:30,20.339288,85.800552
21-10-2024,20:15:32,20.339284,85.800544
21-10-2024,20:15:33,20.339302,85.800552
21-10-2024,20:15:35,20.339317,85.800559
21-10-2024,20:15:36,20.339342,85.800575
21-10-2024,20:15:38,20.339366,85.800582
21-10-2024,20:15:40,20.339378,85.80059
21-10-2024,20:15:41,20.339399,85.800605
21-10-2024,20:15:43,20.339418,85.800613
21-10-2024,20:15:44,20.339422,85.800613
21-10-2024,20:15:46,20.339437,85.800628
21-10-2024,20:15:47,20.339435,85.800621
21-10-2024,20:15:49,20.339427,85.800621
21-10-2024,20:15:50,20.339435,85.800628
21-10-2024,20:15:52,20.339462,85.800651
21-10-2024,20:15:54,20.339473,85.800659
21-10-2024,20:15:55,20.339488,85.800674
21-10-2024,20:15:57,20.339475,85.800666
21-10-2024,20:15:58,20.339468,85.800659
21-10-2024,20:16:00,20.339477,85.800666
21-10-2024,20:16:01,20.339492,85.800682
21-10-2024,20:16:03,20.33949,85.800682
21-10-2024,20:16:04,20.339483,85.800682
21-10-2024,20:16:06,20.339487,85.800689
21-10-2024,20:16:08,20.339504,85.800697
21-10-2024,20:16:09,20.339494,85.800689
21-10-2024,20:16:11,20.3395,85.800697
21-10-2024,20:16:12,20.339513,85.800697
21-10-2024,20:16:14,20.339517,85.800704
21-10-2024,20:16:15,20.339515,85.800704
21-10-2024,20:16:17,20.339525,85.800712
21-10-2024,20:16:18,20.339509,85.800704
21-10-2024,20:16:20,20.339527,85.80072
21-10-2024,20:16:22,20.339506,85.800704
21-10-2024,20:16:23,20.339481,85.800697
21-10-2024,20:16:25,20.33949,85.800712
21-10-2024,20:16:26,20.339477,85.800704
21-10-2024,20:16:28,20.339471,85.800697
21-10-2024,20:16:29,20.339475,85.800704
21-10-2024,20:16:31,20.339464,85.800697
21-10-2024,20:16:32,20.339462,85.800704
21-10-2024,20:16:34,20.339464,85.800704
21-10-2024,20:16:36,20.339471,85.800712
21-10-2024,20:16:37,20.339443,85.800697
21-10-2024,20:16:39,20.339439,85.800697
21-10-2024,20:16:40,20.339443,85.800704
21-10-2024,20:16:42,20.339456,85.800712
21-10-2024,20:16:43,20.339454,85.800712
21-10-2024,20:16:45,20.33945,85.800712
21-10-2024,20:16:46,20.339443,85.800712
21-10-2024,20:16:48,20.33942,85.800712
21-10-2024,20:16:50,20.339416,85.800704
21-10-2024,20:16:51,20.339416,85.800704
21-10-2024,20:16:53,20.339416,85.800704
21-10-2024,20:16:54,20.339391,85.800666
21-10-2024,20:16:56,20.33941,85.800659
21-10-2024,20:16:57,20.339427,85.800643
21-10-2024,20:16:59,20.339439,85.800643
21-10-2024,20:17:00,20.339458,85.800636
21-10-2024,20:17:02,20.339466,85.800636
21-10-2024,20:17:04,20.339477,85.800636
21-10-2024,20:17:05,20.339492,85.800643
21-10-2024,20:17:07,20.3395,85.800643
21-10-2024,20:17:08,20.339479,85.800674
21-10-2024,20:17:10,20.339477,85.800689
21-10-2024,20:17:11,20.339466,85.800712
21-10-2024,20:17:13,20.339458,85.800712
21-10-2024,20:17:14,20.339443,85.80072
21-10-2024,20:17:16,20.339433,85.800704
21-10-2024,20:17:18,20.339429,85.800697
21-10-2024,20:17:19,20.33942,85.800682
21-10-2024,20:17:21,20.339418,85.800674
21-10-2024,20:17:22,20.339414,85.800674
21-10-2024,20:17:24,20.339414,85.800682
21-10-2024,20:17:25,20.339412,85.800682
21-10-2024,20:17:27,20.33942,85.800674
21-10-2024,20:17:29,20.339422,85.800674
21-10-2024,20:17:30,20.339426,85.800674
21-10-2024,20:17:32,20.339426,85.800674
21-10-2024,20:17:33,20.339429,85.800674
21-10-2024,20:17:35,20.339431,85.800674
21-10-2024,20:17:36,20.339431,85.800674
21-10-2024,20:17:38,20.339429,85.800682
21-10-2024,20:17:39,20.339431,85.800674
21-10-2024,20:17:41,20.339426,85.800674
21-10-2024,20:17:43,20.33942,85.800674
21-10-2024,20:17:44,20.339418,85.800666
21-10-2024,20:17:46,20.339416,85.800666
21-10-2024,20:17:47,20.339424,85.800666
21-10-2024,20:17:49,20.339426,85.800674
21-10-2024,20:17:50,20.33942,85.800659
21-10-2024,20:17:52,20.339414,85.800659
21-10-2024,20:17:53,20.339414,85.800659
21-10-2024,20:17:55,20.339412,85.800659
21-10-2024,20:17:57,20.33941,85.800666
21-10-2024,20:17:58,20.339412,85.800674
21-10-2024,20:18:00,20.339414,85.800666
21-10-2024,20:18:01,20.339418,85.800666
21-10-2024,20:18:03,20.339418,85.800666
21-10-2024,20:18:05,20.339418,85.800666
21-10-2024,20:18:06,20.339418,85.800666
21-10-2024,20:18:08,20.339418,85.800666
21-10-2024,20:18:09,20.339429,85.800659
21-10-2024,20:18:11,20.339429,85.800651
21-10-2024,20:18:12,20.339431,85.800651
21-10-2024,20:18:14,20.339431,85.800651
21-10-2024,20:18:15,20.339431,85.800666
21-10-2024,20:18:17,20.339429,85.800689
21-10-2024,20:18:19,20.339422,85.800704
21-10-2024,20:18:20,20.339395,85.800743
21-10-2024,20:18:22,20.33937,85.800765
21-10-2024,20:18:23,20.339321,85.800804
21-10-2024,20:18:25,20.33929,85.800827
21-10-2024,20:18:26,20.339237,85.800857
21-10-2024,20:18:28,20.339208,85.800857
21-10-2024,20:18:29,20.339149,85.800842
21-10-2024,20:18:31,20.339082,85.800804
21-10-2024,20:18:33,20.33905,85.800796
21-10-2024,20:18:34,20.339008,85.800773
21-10-2024,20:18:36,20.338991,85.800743
21-10-2024,20:18:37,20.338958,85.800659
21-10-2024,20:18:39,20.338954,85.800598
21-10-2024,20:18:40,20.338954,85.800476
21-10-2024,20:18:42,20.338951,85.800407
21-10-2024,20:18:43,20.338947,85.800254
21-10-2024,20:18:45,20.338945,85.800079
21-10-2024,20:18:47,20.338941,85.799987
21-10-2024,20:18:48,20.33893,85.799789
21-10-2024,20:18:50,20.338924,85.79969
21-10-2024,20:18:51,20.33892,85.799499
21-10-2024,20:18:53,20.338918,85.799407
21-10-2024,20:18:54,20.338912,85.799224
21-10-2024,20:18:56,20.338909,85.799041
21-10-2024,20:18:58,20.338911,85.79895
21-10-2024,20:18:59,20.338909,85.798774
21-10-2024,20:19:01,20.338903,85.798683
21-10-2024,20:19:02,20.338901,85.798538
21-10-2024,20:19:04,20.338901,85.798477
21-10-2024,20:19:05,20.338903,85.79837
21-10-2024,20:19:07,20.338903,85.798263
21-10-2024,20:19:09,20.338905,85.798225
21-10-2024,20:19:10,20.338905,85.798156
21-10-2024,20:19:12,20.338903,85.798133
21-10-2024,20:19:13,20.338901,85.798095
21-10-2024,20:19:15,20.338897,85.79808
21-10-2024,20:19:17,20.338895,85.798049
21-10-2024,20:19:18,20.338897,85.798011
21-10-2024,20:19:20,20.338901,85.797996
21-10-2024,20:19:21,20.338901,85.797973
21-10-2024,20:19:23,20.338901,85.797966
21-10-2024,20:19:25,20.338901,85.79795
21-10-2024,20:19:26,20.338901,85.797935
21-10-2024,20:19:28,20.338899,85.797927
21-10-2024,20:19:29,20.338903,85.797904
21-10-2024,20:19:31,20.338901,85.797889
21-10-2024,20:19:33,20.338897,85.797851
21-10-2024,20:19:34,20.33889,85.797836
21-10-2024,20:19:36,20.338838,85.79779
21-10-2024,20:19:37,20.338809,85.797775
21-10-2024,20:19:39,20.338762,85.797737
21-10-2024,20:19:41,20.338718,85.797691
21-10-2024,20:19:42,20.338701,85.797668
21-10-2024,20:19:44,20.338657,85.797645
21-10-2024,20:19:45,20.338632,85.79763
21-10-2024,20:19:47,20.338581,85.797607
21-10-2024,20:19:48,20.33855,85.797584
21-10-2024,20:19:50,20.338483,85.797554
21-10-2024,20:19:52,20.338384,85.797515
21-10-2024,20:19:53,20.338323,85.7975
21-10-2024,20:19:55,20.338201,85.797447
21-10-2024,20:19:56,20.338142,85.797424
21-10-2024,20:19:58,20.338016,85.797378
21-10-2024,20:19:59,20.337951,85.797363
21-10-2024,20:20:01,20.337837,85.797325
21-10-2024,20:20:03,20.337728,85.797294
21-10-2024,20:20:04,20.337688,85.797286
21-10-2024,20:20:06,20.337631,85.797271
21-10-2024,20:20:07,20.337625,85.797279
21-10-2024,20:20:09,20.337606,85.797271
21-10-2024,20:20:10,20.337594,85.797264
21-10-2024,20:20:12,20.33757,85.797264
21-10-2024,20:20:14,20.337545,85.797271
21-10-2024,20:20:15,20.337532,85.797279
21-10-2024,20:20:17,20.337516,85.797302
21-10-2024,20:20:18,20.337509,85.797317
21-10-2024,20:20:20,20.337505,85.797348
21-10-2024,20:20:22,20.337505,85.797363
21-10-2024,20:20:23,20.337505,85.797401
21-10-2024,20:20:25,20.337507,85.797477
21-10-2024,20:20:26,20.337516,85.797531
21-10-2024,20:20:28,20.337518,85.797653
21-10-2024,20:20:30,20.337514,85.797729
21-10-2024,20:20:31,20.337511,85.797874
21-10-2024,20:20:33,20.337503,85.797943
21-10-2024,20:20:34,20.33749,85.798065
21-10-2024,20:20:36,20.337491,85.798179
21-10-2024,20:20:38,20.337493,85.798233
21-10-2024,20:20:39,20.337505,85.798377
21-10-2024,20:20:41,20.337514,85.798454
21-10-2024,20:20:42,20.337533,85.798622
21-10-2024,20:20:44,20.337551,85.798713
21-10-2024,20:20:45,20.337575,85.798873
21-10-2024,20:20:47,20.337598,85.799034
21-10-2024,20:20:49,20.33761,85.799118
21-10-2024,20:20:50,20.337625,85.79927
21-10-2024,20:20:52,20.337636,85.799346
21-10-2024,20:20:53,20.337652,85.79953
21-10-2024,20:20:55,20.337657,85.799629
21-10-2024,20:20:56,20.337657,85.799827
21-10-2024,20:20:58,20.337657,85.799934
21-10-2024,20:20:59,20.337656,85.800155
21-10-2024,20:21:01,20.337656,85.800384
21-10-2024,20:21:03,20.337652,85.800498
21-10-2024,20:21:04,20.337636,85.80075
21-10-2024,20:21:06,20.337627,85.800872
21-10-2024,20:21:07,20.337604,85.801101
21-10-2024,20:21:09,20.337593,85.801216
21-10-2024,20:21:10,20.337568,85.801452
21-10-2024,20:21:12,20.337549,85.801696
21-10-2024,20:21:14,20.337543,85.801811
21-10-2024,20:21:15,20.337553,85.802009
21-10-2024,20:21:17,20.337556,85.802093
21-10-2024,20:21:19,20.337566,85.80223
21-10-2024,20:21:20,20.33756,85.802291
21-10-2024,20:21:22,20.337522,85.802383
21-10-2024,20:21:23,20.33745,85.802429
21-10-2024,20:21:25,20.337411,85.802429
21-10-2024,20:21:27,20.33735,85.802406
21-10-2024,20:21:28,20.337322,85.802383
21-10-2024,20:21:30,20.337232,85.802337
21-10-2024,20:21:31,20.337171,85.802314
21-10-2024,20:21:33,20.337038,85.802284
21-10-2024,20:21:34,20.336885,85.802261
21-10-2024,20:21:36,20.336801,85.802246
21-10-2024,20:21:38,20.33662,85.802215
21-10-2024,20:21:39,20.33653,85.8022
21-10-2024,20:21:41,20.336349,85.802177
21-10-2024,20:21:42,20.336254,85.802162
21-10-2024,20:21:44,20.336044,85.802139
21-10-2024,20:21:46,20.335807,85.802108
21-10-2024,20:21:47,20.335681,85.802093
21-10-2024,20:21:49,20.335416,85.802047
21-10-2024,20:21:50,20.335277,85.802017
21-10-2024,20:21:52,20.335006,85.801963
21-10-2024,20:21:53,20.334871,85.801933
21-10-2024,20:21:55,20.334609,85.801879
21-10-2024,20:21:57,20.334354,85.801834
21-10-2024,20:21:58,20.33423,85.801795
21-10-2024,20:22:00,20.333978,85.801757
21-10-2024,20:22:01,20.333854,85.801734
21-10-2024,20:22:03,20.333627,85.801689
21-10-2024,20:22:04,20.333522,85.801673
21-10-2024,20:22:06,20.333309,85.801651
21-10-2024,20:22:07,20.333202,85.801628
21-10-2024,20:22:09,20.332988,85.801582
21-10-2024,20:22:11,20.332784,85.801559
21-10-2024,20:22:12,20.332677,85.801544
21-10-2024,20:22:14,20.33246,85.801521
21-10-2024,20:22:15,20.332351,85.801506
21-10-2024,20:22:17,20.332124,85.801483
21-10-2024,20:22:19,20.332008,85.801475
21-10-2024,20:22:20,20.331773,85.801452
21-10-2024,20:22:22,20.331537,85.801437
21-10-2024,20:22:23,20.331422,85.801422
21-10-2024,20:22:25,20.331193,85.801399
21-10-2024,20:22:27,20.331081,85.801391
21-10-2024,20:22:28,20.330881,85.801376
21-10-2024,20:22:30,20.330801,85.801368
21-10-2024,20:22:31,20.330688,85.801361
21-10-2024,20:22:33,20.330623,85.801353
21-10-2024,20:22:35,20.330593,85.801353
21-10-2024,20:22:36,20.330469,85.801353
21-10-2024,20:22:38,20.330379,85.801338
21-10-2024,20:22:39,20.330154,85.801315
21-10-2024,20:22:41,20.330026,85.801307
21-10-2024,20:22:42,20.329772,85.801284
21-10-2024,20:22:44,20.329517,85.801254
21-10-2024,20:22:46,20.329391,85.801246
21-10-2024,20:22:47,20.329137,85.801223
21-10-2024,20:22:49,20.329019,85.801208
21-10-2024,20:22:50,20.328823,85.801177
21-10-2024,20:22:52,20.328739,85.801162
21-10-2024,20:22:53,20.328575,85.801132
21-10-2024,20:22:55,20.328411,85.801101
21-10-2024,20:22:57,20.32833,85.801086
21-10-2024,20:22:58,20.328174,85.801055
21-10-2024,20:23:00,20.328096,85.80104
21-10-2024,20:23:01,20.327938,85.80101
21-10-2024,20:23:03,20.327856,85.800994
21-10-2024,20:23:04,20.327682,85.800964
21-10-2024,20:23:06,20.327465,85.80091
21-10-2024,20:23:08,20.327342,85.80088
21-10-2024,20:23:09,20.327096,85.800842
21-10-2024,20:23:11,20.326976,85.800819
21-10-2024,20:23:12,20.326755,85.800781
21-10-2024,20:23:14,20.32666,85.800765
21-10-2024,20:23:16,20.326503,85.800743
21-10-2024,20:23:17,20.326377,85.80072
21-10-2024,20:23:19,20.326316,85.800712
21-10-2024,20:23:20,20.326198,85.800697
21-10-2024,20:23:22,20.326135,85.800689
21-10-2024,20:23:24,20.326023,85.800666
21-10-2024,20:23:25,20.325969,85.800659
21-10-2024,20:23:27,20.325864,85.800636
21-10-2024,20:23:28,20.325723,85.800598
21-10-2024,20:23:30,20.325632,85.800575
21-10-2024,20:23:32,20.325412,85.800521
21-10-2024,20:23:33,20.325292,85.800498
21-10-2024,20:23:35,20.325031,85.80046
21-10-2024,20:23:36,20.324897,85.80043
21-10-2024,20:23:38,20.32463,85.800376
21-10-2024,20:23:40,20.324359,85.800331
21-10-2024,20:23:41,20.32422,85.8003
21-10-2024,20:23:43,20.323955,85.800247
21-10-2024,20:23:44,20.323831,85.800224
21-10-2024,20:23:46,20.323591,85.800178
21-10-2024,20:23:47,20.323471,85.800155
21-10-2024,20:23:49,20.323236,85.800117
21-10-2024,20:23:51,20.323028,85.800086
21-10-2024,20:23:52,20.322929,85.800064
21-10-2024,20:23:54,20.322734,85.800025
21-10-2024,20:23:55,20.322637,85.800003
21-10-2024,20:23:57,20.322441,85.799964
21-10-2024,20:23:58,20.322336,85.799942
21-10-2024,20:24:00,20.322116,85.799903
21-10-2024,20:24:02,20.321889,85.799858
21-10-2024,20:24:03,20.321786,85.799842
21-10-2024,20:24:05,20.321575,85.799797
21-10-2024,20:24:06,20.321468,85.799774
21-10-2024,20:24:08,20.321264,85.799743
21-10-2024,20:24:09,20.321165,85.799728
21-10-2024,20:24:11,20.320999,85.799728
21-10-2024,20:24:13,20.320856,85.799797
21-10-2024,20:24:14,20.3208,85.799858
21-10-2024,20:24:16,20.320745,85.800041
21-10-2024,20:24:17,20.320735,85.800155
21-10-2024,20:24:19,20.320751,85.800376
21-10-2024,20:24:20,20.320762,85.800491
21-10-2024,20:24:22,20.320798,85.80075
21-10-2024,20:24:24,20.320838,85.801033
21-10-2024,20:24:25,20.320859,85.80117
21-10-2024,20:24:27,20.320907,85.80146
21-10-2024,20:24:28,20.32093,85.801605
21-10-2024,20:24:30,20.320962,85.801872
21-10-2024,20:24:31,20.320974,85.802001
21-10-2024,20:24:33,20.320978,85.802238
21-10-2024,20:24:35,20.320962,85.802482
21-10-2024,20:24:36,20.320951,85.802612
21-10-2024,20:24:38,20.320913,85.802879
21-10-2024,20:24:39,20.32089,85.803016
21-10-2024,20:24:41,20.320838,85.803298
21-10-2024,20:24:42,20.32081,85.803443
21-10-2024,20:24:44,20.320755,85.803733
21-10-2024,20:24:46,20.320697,85.804039
21-10-2024,20:24:47,20.320667,85.804191
21-10-2024,20:24:49,20.320608,85.804481
21-10-2024,20:24:50,20.320581,85.804626
21-10-2024,20:24:52,20.32052,85.804893
21-10-2024,20:24:53,20.320487,85.80503
21-10-2024,20:24:55,20.320421,85.805313
21-10-2024,20:24:57,20.320354,85.805603
21-10-2024,20:24:58,20.320322,85.805747
21-10-2024,20:25:00,20.320261,85.806007
21-10-2024,20:25:01,20.320232,85.806121
21-10-2024,20:25:03,20.320184,85.806327
21-10-2024,20:25:04,20.320163,85.806411
21-10-2024,20:25:06,20.320119,85.806594
21-10-2024,20:25:08,20.320066,85.8068
21-10-2024,20:25:09,20.320039,85.8069
21-10-2024,20:25:11,20.31998,85.807121
21-10-2024,20:25:12,20.319946,85.807258
21-10-2024,20:25:14,20.319875,85.807556
21-10-2024,20:25:15,20.319839,85.807716
21-10-2024,20:25:17,20.319768,85.808036
21-10-2024,20:25:19,20.319726,85.808364
21-10-2024,20:25:20,20.319713,85.80854
21-10-2024,20:25:22,20.319692,85.808868
21-10-2024,20:25:23,20.319683,85.809013
21-10-2024,20:25:25,20.319667,85.809288
21-10-2024,20:25:26,20.319658,85.809417
21-10-2024,20:25:28,20.319635,85.809646
21-10-2024,20:25:30,20.319574,85.809829
21-10-2024,20:25:31,20.319522,85.809898
21-10-2024,20:25:33,20.319385,85.810005
21-10-2024,20:25:34,20.319295,85.810028
21-10-2024,20:25:36,20.319082,85.810035
21-10-2024,20:25:37,20.318969,85.810028
21-10-2024,20:25:39,20.318737,85.810012
21-10-2024,20:25:41,20.318496,85.809997
21-10-2024,20:25:42,20.31837,85.809982
21-10-2024,20:25:44,20.318086,85.809951
21-10-2024,20:25:45,20.317928,85.809928
21-10-2024,20:25:47,20.317579,85.809867
21-10-2024,20:25:48,20.317392,85.809844
21-10-2024,20:25:50,20.317012,85.809806
21-10-2024,20:25:52,20.316654,85.809776
21-10-2024,20:25:53,20.31648,85.809761
21-10-2024,20:25:55,20.316169,85.80973
21-10-2024,20:25:56,20.316028,85.80973
21-10-2024,20:25:58,20.315767,85.809745
21-10-2024,20:25:59,20.315652,85.809761
21-10-2024,20:26:01,20.315443,85.809837
21-10-2024,20:26:03,20.315286,85.809936
21-10-2024,20:26:04,20.315219,85.809989
21-10-2024,20:26:06,20.315097,85.810104
21-10-2024,20:26:07,20.31504,85.810157
21-10-2024,20:26:09,20.314918,85.810211
21-10-2024,20:26:10,20.314849,85.810211
21-10-2024,20:26:12,20.314706,85.810165
21-10-2024,20:26:14,20.314531,85.810142
21-10-2024,20:26:15,20.314432,85.810142
21-10-2024,20:26:17,20.31422,85.81015
21-10-2024,20:26:18,20.314104,85.810157
21-10-2024,20:26:20,20.313863,85.810157
21-10-2024,20:26:21,20.313739,85.81015
21-10-2024,20:26:23,20.313482,85.810134
21-10-2024,20:26:25,20.313217,85.810111
21-10-2024,20:26:26,20.313081,85.810104
21-10-2024,20:26:28,20.312818,85.810089
21-10-2024,20:26:29,20.312696,85.810073
21-10-2024,20:26:31,20.312482,85.810058
21-10-2024,20:26:32,20.312387,85.81005
21-10-2024,20:26:34,20.312198,85.810035
21-10-2024,20:26:36,20.311996,85.810012
21-10-2024,20:26:37,20.311887,85.809997
21-10-2024,20:26:39,20.311662,85.809982
21-10-2024,20:26:40,20.311542,85.809974
21-10-2024,20:26:42,20.311302,85.809921
21-10-2024,20:26:43,20.311176,85.809883
21-10-2024,20:26:45,20.310926,85.809806
21-10-2024,20:26:47,20.310672,85.809722
21-10-2024,20:26:48,20.310548,85.809684
21-10-2024,20:26:50,20.310297,85.8096
21-10-2024,20:26:51,20.310169,85.809555
21-10-2024,20:26:53,20.309904,85.809471
21-10-2024,20:26:54,20.309776,85.809425
21-10-2024,20:26:56,20.309524,85.809341
21-10-2024,20:26:58,20.309286,85.809257
21-10-2024,20:26:59,20.309173,85.809219
21-10-2024,20:27:01,20.308982,85.809158
21-10-2024,20:27:02,20.308898,85.809127
21-10-2024,20:27:04,20.308755,85.809082
21-10-2024,20:27:05,20.308698,85.809059
21-10-2024,20:27:07,20.308595,85.809051
21-10-2024,20:27:09,20.308502,85.809089
21-10-2024,20:27:10,20.308456,85.809127
21-10-2024,20:27:12,20.308397,85.809242
21-10-2024,20:27:13,20.308383,85.809318
21-10-2024,20:27:15,20.308376,85.809494
21-10-2024,20:27:16,20.308372,85.809585
21-10-2024,20:27:18,20.308364,85.809783
21-10-2024,20:27:20,20.308353,85.809974
21-10-2024,20:27:21,20.308349,85.810073
21-10-2024,20:27:23,20.308334,85.810241
21-10-2024,20:27:24,20.308324,85.810325
21-10-2024,20:27:26,20.308309,85.810501
21-10-2024,20:27:27,20.3083,85.810577
21-10-2024,20:27:29,20.30828,85.810737
21-10-2024,20:27:31,20.308265,85.81092
21-10-2024,20:27:32,20.308258,85.811019
21-10-2024,20:27:34,20.308238,85.811233
21-10-2024,20:27:35,20.308231,85.811347
21-10-2024,20:27:37,20.308216,85.811553
21-10-2024,20:27:38,20.308206,85.811653
21-10-2024,20:27:40,20.308193,85.811851
21-10-2024,20:27:41,20.308183,85.811943
21-10-2024,20:27:43,20.308177,85.812126
21-10-2024,20:27:45,20.308166,85.812301
21-10-2024,20:27:46,20.308158,85.812393
21-10-2024,20:27:48,20.308149,85.812576
21-10-2024,20:27:49,20.308137,85.812667
21-10-2024,20:27:51,20.308113,85.812858
21-10-2024,20:27:52,20.308103,85.812965
21-10-2024,20:27:54,20.30808,85.813201
21-10-2024,20:27:56,20.308057,85.813438
21-10-2024,20:27:57,20.308044,85.81356
21-10-2024,20:27:59,20.308027,85.813796
21-10-2024,20:28:00,20.308017,85.813911
21-10-2024,20:28:02,20.307996,85.814155
21-10-2024,20:28:03,20.307983,85.814292
21-10-2024,20:28:05,20.307958,85.81459
21-10-2024,20:28:07,20.307931,85.814903
21-10-2024,20:28:08,20.30792,85.815055
21-10-2024,20:28:10,20.307897,85.815322
21-10-2024,20:28:11,20.307886,85.815444
21-10-2024,20:28:13,20.307865,85.815696
21-10-2024,20:28:14,20.307855,85.815818
21-10-2024,20:28:16,20.307828,85.816078
21-10-2024,20:28:18,20.307806,85.816352
21-10-2024,20:28:19,20.307792,85.81649
21-10-2024,20:28:21,20.307767,85.81678
21-10-2024,20:28:22,20.307758,85.816917
21-10-2024,20:28:24,20.307744,85.817184
21-10-2024,20:28:25,20.307739,85.817314
21-10-2024,20:28:27,20.307727,85.817565
21-10-2024,20:28:29,20.307703,85.817817
21-10-2024,20:28:30,20.307685,85.817939
21-10-2024,20:28:32,20.307661,85.818176
21-10-2024,20:28:33,20.307649,85.818298
21-10-2024,20:28:35,20.307632,85.818534
21-10-2024,20:28:36,20.307624,85.818649
21-10-2024,20:28:38,20.307611,85.818878
21-10-2024,20:28:40,20.3076,85.819114
21-10-2024,20:28:41,20.307601,85.819229
21-10-2024,20:28:43,20.307638,85.81945
21-10-2024,20:28:44,20.307666,85.819557
21-10-2024,20:28:46,20.307727,85.819763
21-10-2024,20:28:47,20.307754,85.819854
21-10-2024,20:28:49,20.307796,85.819984
21-10-2024,20:28:51,20.307817,85.820053
21-10-2024,20:28:52,20.307821,85.820068
21-10-2024,20:28:54,20.307826,85.820075
21-10-2024,20:28:55,20.307828,85.820083
21-10-2024,20:28:57,20.30783,85.820083
21-10-2024,20:28:58,20.307832,85.820083
21-10-2024,20:29:00,20.307832,85.820075
21-10-2024,20:29:02,20.307834,85.820075
21-10-2024,20:29:03,20.307834,85.820075
21-10-2024,20:29:05,20.307836,85.820075
21-10-2024,20:29:06,20.307836,85.820075
21-10-2024,20:29:08,20.30784,85.820083
21-10-2024,20:29:09,20.30784,85.820083
21-10-2024,20:29:11,20.307844,85.820083
21-10-2024,20:29:13,20.307846,85.820083
21-10-2024,20:29:14,20.307847,85.820083
21-10-2024,20:29:16,20.307849,85.820083
21-10-2024,20:29:17,20.307846,85.820083
21-10-2024,20:29:19,20.307844,85.820091
21-10-2024,20:29:20,20.307846,85.820091
21-10-2024,20:29:22,20.307844,85.820091
21-10-2024,20:29:24,20.307842,85.820091
21-10-2024,20:29:25,20.307842,85.820098
21-10-2024,20:29:27,20.307838,85.820098
21-10-2024,20:29:28,20.307838,85.820098
21-10-2024,20:29:30,20.30784,85.820098
21-10-2024,20:29:31,20.30784,85.820098
21-10-2024,20:29:33,20.307842,85.820098
21-10-2024,20:29:35,20.307842,85.820098
21-10-2024,20:29:36,20.307842,85.820098
21-10-2024,20:29:38,20.307842,85.820098
21-10-2024,20:29:39,20.307844,85.820098
21-10-2024,20:29:41,20.307844,85.820098
21-10-2024,20:29:42,20.307842,85.820098
21-10-2024,20:29:44,20.30784,85.820098
21-10-2024,20:29:46,20.30784,85.820098
21-10-2024,20:29:47,20.30784,85.820098
21-10-2024,20:29:49,20.307844,85.820114
21-10-2024,20:29:50,20.307847,85.820121
21-10-2024,20:29:52,20.307859,85.820159
21-10-2024,20:29:53,20.307863,85.820182
21-10-2024,20:29:55,20.307865,85.820236
21-10-2024,20:29:57,20.307853,85.820274
21-10-2024,20:29:58,20.307846,85.820289
21-10-2024,20:30:00,20.307817,85.820343
21-10-2024,20:30:01,20.307786,85.820365
21-10-2024,20:30:03,20.307685,85.820404
21-10-2024,20:30:04,20.307621,85.820434
21-10-2024,20:30:06,20.307462,85.820503
21-10-2024,20:30:08,20.307275,85.820602
21-10-2024,20:30:09,20.30718,85.820655
21-10-2024,20:30:11,20.307001,85.82077
21-10-2024,20:30:12,20.306915,85.820823
21-10-2024,20:30:14,20.306751,85.820938
21-10-2024,20:30:15,20.306676,85.820983
21-10-2024,20:30:17,20.306531,85.821083
21-10-2024,20:30:19,20.306388,85.821182
21-10-2024,20:30:20,20.306312,85.821235
21-10-2024,20:30:22,20.306159,85.821334
21-10-2024,20:30:23,20.306083,85.821388
21-10-2024,20:30:25,20.305929,85.821502
21-10-2024,20:30:26,20.305852,85.821556
21-10-2024,20:30:28,20.305698,85.82167
21-10-2024,20:30:30,20.305538,85.821777
21-10-2024,20:30:31,20.305448,85.821823
21-10-2024,20:30:33,20.305263,85.821899
21-10-2024,20:30:34,20.305158,85.821937
21-10-2024,20:30:36,20.304937,85.821998
21-10-2024,20:30:37,20.304819,85.822029
21-10-2024,20:30:39,20.304574,85.822097
21-10-2024,20:30:41,20.304321,85.822174
21-10-2024,20:30:42,20.304189,85.822212
21-10-2024,20:30:44,20.303928,85.822296
21-10-2024,20:30:45,20.303798,85.822334
21-10-2024,20:30:47,20.303544,85.82241
21-10-2024,20:30:48,20.303421,85.822448
21-10-2024,20:30:50,20.303176,85.822517
21-10-2024,20:30:52,20.302925,85.822593
21-10-2024,20:30:53,20.302795,85.822631
21-10-2024,20:30:55,20.302532,85.822708
21-10-2024,20:30:56,20.302398,85.822753
21-10-2024,20:30:58,20.302129,85.82283
21-10-2024,20:30:59,20.301996,85.822868
21-10-2024,20:31:01,20.301729,85.822952
21-10-2024,20:31:03,20.301467,85.823028
21-10-2024,20:31:04,20.301342,85.823074
21-10-2024,20:31:06,20.301099,85.82315
21-10-2024,20:31:07,20.300979,85.823196
21-10-2024,20:31:09,20.300739,85.82328
21-10-2024,20:31:10,20.300617,85.823318
21-10-2024,20:31:12,20.300371,85.823387
21-10-2024,20:31:14,20.300123,85.823448
21-10-2024,20:31:15,20.299999,85.823486
21-10-2024,20:31:17,20.299768,85.823547
21-10-2024,20:31:18,20.299669,85.823585
21-10-2024,20:31:20,20.29951,85.823638
21-10-2024,20:31:21,20.29944,85.823661
21-10-2024,20:31:23,20.299274,85.823707
21-10-2024,20:31:25,20.299083,85.82376
21-10-2024,20:31:26,20.298988,85.823791
21-10-2024,20:31:28,20.298788,85.82386
21-10-2024,20:31:29,20.298679,85.82389
21-10-2024,20:31:31,20.298456,85.823959
21-10-2024,20:31:32,20.298345,85.823997
21-10-2024,20:31:34,20.298126,85.824073
21-10-2024,20:31:36,20.297918,85.82415
21-10-2024,20:31:37,20.297824,85.824188
21-10-2024,20:31:39,20.297639,85.824256
21-10-2024,20:31:40,20.297546,85.824279
21-10-2024,20:31:42,20.297348,85.824333
21-10-2024,20:31:43,20.297248,85.824363
21-10-2024,20:31:45,20.297044,85.824417
21-10-2024,20:31:47,20.29685,85.82447
21-10-2024,20:31:48,20.296754,85.824501
21-10-2024,20:31:50,20.296592,85.824539
21-10-2024,20:31:51,20.296516,85.824562
21-10-2024,20:31:53,20.296352,85.824592
21-10-2024,20:31:54,20.296251,85.824623
21-10-2024,20:31:56,20.296035,85.824676
21-10-2024,20:31:58,20.295829,85.824745
21-10-2024,20:31:59,20.29574,85.824783
21-10-2024,20:32:01,20.295585,85.824851
21-10-2024,20:32:02,20.295518,85.824874
21-10-2024,20:32:04,20.295402,85.824928
21-10-2024,20:32:05,20.295351,85.824943
21-10-2024,20:32:07,20.295255,85.824996
21-10-2024,20:32:09,20.295139,85.825019
21-10-2024,20:32:10,20.29507,85.825027
21-10-2024,20:32:12,20.294916,85.825057
21-10-2024,20:32:13,20.294824,85.825073
21-10-2024,20:32:15,20.294628,85.825126
21-10-2024,20:32:16,20.294523,85.825157
21-10-2024,20:32:18,20.294296,85.825233
21-10-2024,20:32:19,20.294176,85.825271
21-10-2024,20:32:21,20.293935,85.825347
21-10-2024,20:32:23,20.293691,85.825424
21-10-2024,20:32:24,20.293569,85.825462
21-10-2024,20:32:26,20.293334,85.825538
21-10-2024,20:32:27,20.293216,85.825576
21-10-2024,20:32:29,20.292972,85.825645
21-10-2024,20:32:30,20.292848,85.825683
21-10-2024,20:32:32,20.292617,85.825752
21-10-2024,20:32:34,20.292404,85.825798
21-10-2024,20:32:35,20.292299,85.82582
21-10-2024,20:32:37,20.292081,85.825859
21-10-2024,20:32:38,20.291973,85.825874
21-10-2024,20:32:40,20.291749,85.825897
21-10-2024,20:32:41,20.291641,85.825912
21-10-2024,20:32:43,20.291421,85.825942
21-10-2024,20:32:45,20.291206,85.825973
21-10-2024,20:32:46,20.291097,85.825988
21-10-2024,20:32:48,20.29087,85.826019
21-10-2024,20:32:49,20.290754,85.826034
21-10-2024,20:32:51,20.290527,85.826065
21-10-2024,20:32:52,20.290412,85.82608
21-10-2024,20:32:54,20.29018,85.826118
21-10-2024,20:32:56,20.289945,85.826148
21-10-2024,20:32:57,20.289829,85.826164
21-10-2024,20:32:59,20.289596,85.826202
21-10-2024,20:33:00,20.289482,85.826217
21-10-2024,20:33:02,20.289249,85.826255
21-10-2024,20:33:03,20.289131,85.826271
21-10-2024,20:33:05,20.2889,85.826301
21-10-2024,20:33:07,20.288667,85.826332
21-10-2024,20:33:08,20.288551,85.826347
21-10-2024,20:33:10,20.28832,85.826385
21-10-2024,20:33:11,20.288204,85.8264
21-10-2024,20:33:13,20.287969,85.826431
21-10-2024,20:33:14,20.287851,85.826446
21-10-2024,20:33:16,20.28762,85.826484
21-10-2024,20:33:18,20.287387,85.826515
21-10-2024,20:33:19,20.287277,85.826538
21-10-2024,20:33:21,20.28705,85.826576
21-10-2024,20:33:22,20.286933,85.826591
21-10-2024,20:33:24,20.286708,85.826622
21-10-2024,20:33:25,20.2866,85.826637
21-10-2024,20:33:27,20.286407,85.82666
21-10-2024,20:33:28,20.286319,85.826675
21-10-2024,20:33:30,20.286182,85.826698
21-10-2024,20:33:32,20.286081,85.826721
21-10-2024,20:33:33,20.286033,85.826728
21-10-2024,20:33:35,20.285959,85.826744
21-10-2024,20:33:36,20.285932,85.826751
21-10-2024,20:33:38,20.285892,85.826751
21-10-2024,20:33:39,20.285879,85.826759
21-10-2024,20:33:41,20.285871,85.826759
21-10-2024,20:33:42,20.285871,85.826759
21-10-2024,20:33:44,20.285873,85.826759
21-10-2024,20:33:46,20.285871,85.826759
21-10-2024,20:33:47,20.285871,85.826759
21-10-2024,20:33:49,20.285869,85.826759
21-10-2024,20:33:50,20.285869,85.826759
21-10-2024,20:33:52,20.285867,85.826759
21-10-2024,20:33:53,20.285863,85.826759
21-10-2024,20:33:55,20.285856,85.826759
21-10-2024,20:33:57,20.285844,85.826766
21-10-2024,20:33:58,20.285833,85.826766
21-10-2024,20:34:00,20.285789,85.826774
21-10-2024,20:34:01,20.28577,85.826774
21-10-2024,20:34:03,20.285732,85.826782
21-10-2024,20:34:04,20.285705,85.826782
21-10-2024,20:34:06,20.285627,85.826789
21-10-2024,20:34:07,20.285581,85.826789
21-10-2024,20:34:09,20.285467,85.826797
21-10-2024,20:34:11,20.285316,85.826805
21-10-2024,20:34:12,20.285236,85.826812
21-10-2024,20:34:14,20.285066,85.826835
21-10-2024,20:34:15,20.284984,85.82685
21-10-2024,20:34:17,20.284814,85.826873
21-10-2024,20:34:18,20.284732,85.826881
21-10-2024,20:34:20,20.284574,85.826904
21-10-2024,20:34:21,20.284496,85.826919
21-10-2024,20:34:23,20.284337,85.826942
21-10-2024,20:34:25,20.284189,85.826957
21-10-2024,20:34:26,20.284111,85.826972
21-10-2024,20:34:28,20.28395,85.826988
21-10-2024,20:34:29,20.283866,85.826988
21-10-2024,20:34:31,20.283693,85.826988
21-10-2024,20:34:32,20.283603,85.826988
21-10-2024,20:34:34,20.283424,85.826972
21-10-2024,20:34:35,20.283334,85.826965
21-10-2024,20:34:37,20.283145,85.826942
21-10-2024,20:34:39,20.282955,85.826927
21-10-2024,20:34:40,20.282861,85.826919
21-10-2024,20:34:42,20.28267,85.826896
21-10-2024,20:34:43,20.282577,85.826889
21-10-2024,20:34:45,20.282398,85.826881
21-10-2024,20:34:46,20.282314,85.826873
21-10-2024,20:34:48,20.282163,85.826866
21-10-2024,20:34:49,20.282093,85.826858
21-10-2024,20:34:51,20.281944,85.82685
21-10-2024,20:34:53,20.281795,85.826843
21-10-2024,20:34:54,20.281721,85.826835
21-10-2024,20:34:56,20.281581,85.826828
21-10-2024,20:34:57,20.281515,85.826828
21-10-2024,20:34:59,20.281385,85.826812
21-10-2024,20:35:00,20.281305,85.826805
21-10-2024,20:35:02,20.281118,85.826805
21-10-2024,20:35:04,20.28095,85.826797
21-10-2024,20:35:05,20.280868,85.826789
21-10-2024,20:35:07,20.280683,85.826774
21-10-2024,20:35:08,20.280588,85.826766
21-10-2024,20:35:10,20.280387,85.826751
21-10-2024,20:35:11,20.280284,85.826744
21-10-2024,20:35:13,20.280073,85.826721
21-10-2024,20:35:14,20.279966,85.826705
21-10-2024,20:35:16,20.279748,85.826683
21-10-2024,20:35:18,20.279535,85.826652
21-10-2024,20:35:19,20.27943,85.826629
21-10-2024,20:35:21,20.279228,85.826599
21-10-2024,20:35:22,20.279129,85.826583
21-10-2024,20:35:24,20.278915,85.826545
21-10-2024,20:35:25,20.278804,85.82653
21-10-2024,20:35:27,20.278579,85.826499
21-10-2024,20:35:28,20.278463,85.826477
21-10-2024,20:35:30,20.27824,85.826423
21-10-2024,20:35:32,20.278009,85.82637
21-10-2024,20:35:33,20.277893,85.826339
21-10-2024,20:35:35,20.277662,85.826286
21-10-2024,20:35:36,20.277549,85.826263
21-10-2024,20:35:38,20.277336,85.826194
21-10-2024,20:35:39,20.277229,85.826156
21-10-2024,20:35:41,20.277011,85.826087
21-10-2024,20:35:42,20.276897,85.826049
21-10-2024,20:35:44,20.27667,85.825981
21-10-2024,20:35:46,20.276466,85.825912
21-10-2024,20:35:47,20.276369,85.825881
21-10-2024,20:35:49,20.276184,85.825813
21-10-2024,20:35:50,20.276092,85.825782
21-10-2024,20:35:52,20.275918,85.825721
21-10-2024,20:35:53,20.275838,85.825691
21-10-2024,20:35:55,20.275693,85.82563
21-10-2024,20:35:57,20.27556,85.825576
21-10-2024,20:35:58,20.275493,85.825553
21-10-2024,20:36:00,20.275369,85.825508
21-10-2024,20:36:01,20.275302,85.825485
21-10-2024,20:36:03,20.275161,85.825431
21-10-2024,20:36:04,20.275085,85.825408
21-10-2024,20:36:06,20.274925,85.825355
21-10-2024,20:36:07,20.274837,85.825317
21-10-2024,20:36:09,20.274663,85.825248
21-10-2024,20:36:11,20.274511,85.825172
21-10-2024,20:36:12,20.274444,85.825141
21-10-2024,20:36:14,20.274345,85.825088
21-10-2024,20:36:15,20.274307,85.825073
21-10-2024,20:36:17,20.274232,85.825035
21-10-2024,20:36:18,20.274202,85.825027
21-10-2024,20:36:20,20.274143,85.824996
21-10-2024,20:36:21,20.27411,85.824974
21-10-2024,20:36:23,20.274044,85.824943
21-10-2024,20:36:25,20.273962,85.82492
21-10-2024,20:36:26,20.273906,85.824928
21-10-2024,20:36:28,20.273794,85.824951
21-10-2024,20:36:29,20.273744,85.824974
21-10-2024,20:36:31,20.273668,85.825057
21-10-2024,20:36:32,20.273633,85.825103
21-10-2024,20:36:34,20.273563,85.825202
21-10-2024,20:36:36,20.2735,85.825309
21-10-2024,20:36:37,20.273468,85.82537
21-10-2024,20:36:39,20.27341,85.825485
21-10-2024,20:36:40,20.273378,85.825553
21-10-2024,20:36:42,20.273311,85.825691
21-10-2024,20:36:43,20.273277,85.825759
21-10-2024,20:36:45,20.273212,85.825881
21-10-2024,20:36:46,20.273181,85.825935
21-10-2024,20:36:48,20.273143,85.826004
21-10-2024,20:36:50,20.273111,85.826072
21-10-2024,20:36:51,20.273086,85.826118
21-10-2024,20:36:53,20.273029,85.826248
21-10-2024,20:36:54,20.273002,85.826316
21-10-2024,20:36:56,20.272937,85.826454
21-10-2024,20:36:57,20.272905,85.826522
21-10-2024,20:36:59,20.272848,85.82666
21-10-2024,20:37:00,20.272817,85.826728
21-10-2024,20:37:02,20.27276,85.826873
21-10-2024,20:37:04,20.272695,85.827018
21-10-2024,20:37:05,20.272657,85.827102
21-10-2024,20:37:07,20.272581,85.827293
21-10-2024,20:37:08,20.272541,85.8274
21-10-2024,20:37:10,20.272462,85.82759
21-10-2024,20:37:11,20.27243,85.827674
21-10-2024,20:37:13,20.272357,85.82785
21-10-2024,20:37:14,20.272321,85.827934
21-10-2024,20:37:16,20.272245,85.828109
21-10-2024,20:37:18,20.272159,85.828315
21-10-2024,20:37:19,20.272109,85.82843
21-10-2024,20:37:21,20.272014,85.828651
21-10-2024,20:37:22,20.271966,85.828758
21-10-2024,20:37:24,20.27186,85.828956
21-10-2024,20:37:25,20.2718,85.82904
21-10-2024,20:37:27,20.271667,85.8292
21-10-2024,20:37:28,20.271596,85.829261
21-10-2024,20:37:30,20.271455,85.829391
21-10-2024,20:37:32,20.271318,85.829498
21-10-2024,20:37:33,20.271245,85.829544
21-10-2024,20:37:35,20.271099,85.829582
21-10-2024,20:37:36,20.271026,85.829566
21-10-2024,20:37:38,20.270872,85.829483
21-10-2024,20:37:39,20.270788,85.829414
21-10-2024,20:37:41,20.27058,85.829277
21-10-2024,20:37:42,20.27046,85.829208
21-10-2024,20:37:44,20.2702,85.829063
21-10-2024,20:37:46,20.269943,85.828926
21-10-2024,20:37:47,20.269824,85.828865
21-10-2024,20:37:49,20.269617,85.828735
21-10-2024,20:37:50,20.269514,85.828666
21-10-2024,20:37:52,20.269298,85.828521
21-10-2024,20:37:53,20.269187,85.828453
21-10-2024,20:37:55,20.268981,85.82833
21-10-2024,20:37:57,20.268793,85.828208
21-10-2024,20:37:58,20.268705,85.828147
21-10-2024,20:38:00,20.268547,85.828025
21-10-2024,20:38:01,20.268468,85.827964
21-10-2024,20:38:03,20.268299,85.827835
21-10-2024,20:38:04,20.268218,85.827781
21-10-2024,20:38:06,20.268091,85.82769
21-10-2024,20:38:07,20.268045,85.827667
21-10-2024,20:38:09,20.267992,85.827644
21-10-2024,20:38:11,20.267972,85.827644
21-10-2024,20:38:12,20.267967,85.827636
21-10-2024,20:38:14,20.267957,85.827636
21-10-2024,20:38:15,20.267951,85.827636
21-10-2024,20:38:17,20.267923,85.827644
21-10-2024,20:38:18,20.267898,85.827659
21-10-2024,20:38:20,20.267835,85.827735
21-10-2024,20:38:22,20.267753,85.827865
21-10-2024,20:38:23,20.267698,85.827949
21-10-2024,20:38:25,20.26757,85.828125
21-10-2024,20:38:26,20.267509,85.828208
21-10-2024,20:38:28,20.267385,85.828392
21-10-2024,20:38:29,20.26732,85.828491
21-10-2024,20:38:31,20.267204,85.828674
21-10-2024,20:38:33,20.267107,85.828834
21-10-2024,20:38:34,20.267061,85.82891
21-10-2024,20:38:36,20.266979,85.829055
21-10-2024,20:38:37,20.266946,85.829116
21-10-2024,20:38:39,20.266889,85.829216
21-10-2024,20:38:40,20.26686,85.829277
21-10-2024,20:38:42,20.266809,85.82936
21-10-2024,20:38:44,20.266778,85.829399
21-10-2024,20:38:45,20.266773,85.829406
21-10-2024,20:38:47,20.266771,85.829414
21-10-2024,20:38:48,20.266773,85.829414
21-10-2024,20:38:50,20.266775,85.829414
21-10-2024,20:38:51,20.266775,85.829421
21-10-2024,20:38:53,20.266775,85.829421
21-10-2024,20:38:54,20.266771,85.829429
21-10-2024,20:38:56,20.266761,85.829437
21-10-2024,20:38:58,20.266761,85.829437
21-10-2024,20:38:59,20.266759,85.829444
21-10-2024,20:39:01,20.266761,85.829444
21-10-2024,20:39:02,20.266761,85.829444
21-10-2024,20:39:04,20.266761,85.829452
21-10-2024,20:39:05,20.266761,85.829452
21-10-2024,20:39:07,20.266765,85.829452
21-10-2024,20:39:09,20.266763,85.82946
21-10-2024,20:39:10,20.266765,85.82946
21-10-2024,20:39:12,20.266763,85.82946
21-10-2024,20:39:13,20.266763,85.82946
21-10-2024,20:39:15,20.266761,85.82946
21-10-2024,20:39:16,20.266761,85.829467
21-10-2024,20:39:18,20.266761,85.82946
21-10-2024,20:39:20,20.266765,85.82946
21-10-2024,20:39:21,20.266765,85.82946
21-10-2024,20:39:23,20.266761,85.82946
21-10-2024,20:39:24,20.266759,85.82946
21-10-2024,20:39:26,20.266759,85.82946
21-10-2024,20:39:27,20.266757,85.82946
21-10-2024,20:39:29,20.266757,85.82946
21-10-2024,20:39:31,20.266757,85.82946
21-10-2024,20:39:32,20.266756,85.829467
21-10-2024,20:39:34,20.266738,85.82949
21-10-2024,20:39:35,20.266727,85.829505
21-10-2024,20:39:37,20.266706,85.829551
21-10-2024,20:39:38,20.266696,85.829566
21-10-2024,20:39:40,20.266681,85.829597
21-10-2024,20:39:42,20.266679,85.829605
21-10-2024,20:39:43,20.266677,85.829605
21-10-2024,20:39:45,20.266672,85.82962
21-10-2024,20:39:46,20.266668,85.82962
21-10-2024,20:39:48,20.26666,85.829635
21-10-2024,20:39:49,20.266653,85.829643
21-10-2024,20:39:51,20.266643,85.82965
21-10-2024,20:39:53,20.266641,85.829658
21-10-2024,20:39:54,20.266641,85.829658
21-10-2024,20:39:56,20.266641,85.829658
21-10-2024,20:39:57,20.266641,85.829658
21-10-2024,20:39:59,20.266641,85.829658
21-10-2024,20:40:00,20.266639,85.829666
21-10-2024,20:40:02,20.266626,85.829681
21-10-2024,20:40:04,20.266597,85.829711
21-10-2024,20:40:05,20.266574,85.829734
21-10-2024,20:40:07,20.266502,85.829765
21-10-2024,20:40:08,20.266462,85.829772
21-10-2024,20:40:10,20.266366,85.829772
21-10-2024,20:40:11,20.266313,85.829765
21-10-2024,20:40:13,20.26621,85.829734
21-10-2024,20:40:14,20.26616,85.829704
21-10-2024,20:40:16,20.266059,85.829627
21-10-2024,20:40:18,20.265926,85.829521
21-10-2024,20:40:19,20.265848,85.82946
21-10-2024,20:40:21,20.265676,85.829322
21-10-2024,20:40:22,20.265584,85.829254
21-10-2024,20:40:24,20.265399,85.829109
21-10-2024,20:40:25,20.265304,85.829032
21-10-2024,20:40:27,20.26511,85.82888
21-10-2024,20:40:29,20.264907,85.82872
21-10-2024,20:40:30,20.264804,85.828643
21-10-2024,20:40:32,20.264591,85.828475
21-10-2024,20:40:33,20.264482,85.828392
21-10-2024,20:40:35,20.264261,85.828216
21-10-2024,20:40:36,20.264148,85.828125
21-10-2024,20:40:38,20.263923,85.827949
21-10-2024,20:40:40,20.26371,85.827781
21-10-2024,20:40:41,20.263614,85.827713
21-10-2024,20:40:43,20.263429,85.827568
21-10-2024,20:40:44,20.263336,85.827491
21-10-2024,20:40:46,20.263147,85.827346
21-10-2024,20:40:47,20.263051,85.82727
21-10-2024,20:40:49,20.262849,85.82711
21-10-2024,20:40:51,20.262639,85.826942
21-10-2024,20:40:52,20.262533,85.826858
21-10-2024,20:40:54,20.262315,85.826683
21-10-2024,20:40:55,20.262205,85.826599
21-10-2024,20:40:57,20.261978,85.826423
21-10-2024,20:40:58,20.261865,85.826332
21-10-2024,20:41:00,20.261642,85.826156
21-10-2024,20:41:01,20.261531,85.826072
21-10-2024,20:41:03,20.261306,85.825897
21-10-2024,20:41:05,20.261079,85.825721
21-10-2024,20:41:06,20.260972,85.825637
21-10-2024,20:41:08,20.260755,85.825469
21-10-2024,20:41:09,20.260646,85.825386
21-10-2024,20:41:11,20.26045,85.825248
21-10-2024,20:41:12,20.260379,85.825202
21-10-2024,20:41:14,20.260288,85.825134
21-10-2024,20:41:16,20.260246,85.825103
21-10-2024,20:41:17,20.260232,85.825088
21-10-2024,20:41:19,20.260217,85.82508
21-10-2024,20:41:20,20.260217,85.82508
21-10-2024,20:41:22,20.260219,85.82508
21-10-2024,20:41:23,20.260219,85.82508
21-10-2024,20:41:25,20.260219,85.82508
21-10-2024,20:41:27,20.260221,85.82508
21-10-2024,20:41:28,20.260221,85.82508
21-10-2024,20:41:30,20.260221,85.82508
21-10-2024,20:41:31,20.260221,85.82508
21-10-2024,20:41:33,20.260221,85.82508
21-10-2024,20:41:34,20.260221,85.82508
21-10-2024,20:41:36,20.260221,85.82508
21-10-2024,20:41:38,20.260219,85.82508
21-10-2024,20:41:39,20.260217,85.825073
21-10-2024,20:41:41,20.260215,85.825073
21-10-2024,20:41:42,20.260215,85.825073
21-10-2024,20:41:44,20.260219,85.825073
21-10-2024,20:41:45,20.260219,85.825073
21-10-2024,20:41:47,20.260219,85.825073
21-10-2024,20:41:49,20.260217,85.825073
21-10-2024,20:41:50,20.260217,85.825073
21-10-2024,20:41:52,20.260217,85.825073
21-10-2024,20:41:53,20.260217,85.825073
21-10-2024,20:41:55,20.260215,85.825073
21-10-2024,20:41:56,20.260215,85.825073
21-10-2024,20:41:58,20.260215,85.825073
21-10-2024,20:42:00,20.260215,85.825073
21-10-2024,20:42:01,20.260215,85.825073
21-10-2024,20:42:03,20.260215,85.825073
21-10-2024,20:42:04,20.260215,85.825073
21-10-2024,20:42:06,20.260215,85.825073
21-10-2024,20:42:07,20.260215,85.825073
21-10-2024,20:42:09,20.260215,85.825073
21-10-2024,20:42:11,20.260215,85.825073
21-10-2024,20:42:12,20.260215,85.82508
21-10-2024,20:42:14,20.260215,85.82508
21-10-2024,20:42:15,20.260215,85.82508
21-10-2024,20:42:17,20.260219,85.82508
21-10-2024,20:42:18,20.260219,85.82508
21-10-2024,20:42:20,20.260219,85.82508
21-10-2024,20:42:22,20.260217,85.82508
21-10-2024,20:42:23,20.260206,85.825073
21-10-2024,20:42:25,20.260137,85.825019
21-10-2024,20:42:26,20.260095,85.824981
21-10-2024,20:42:28,20.259988,85.824882
21-10-2024,20:42:29,20.259927,85.824836
21-10-2024,20:42:31,20.259792,85.824722
21-10-2024,20:42:32,20.259716,85.824661
21-10-2024,20:42:34,20.259555,85.824531
21-10-2024,20:42:36,20.259399,85.824409
21-10-2024,20:42:37,20.259317,85.82434
21-10-2024,20:42:39,20.259151,85.824211
21-10-2024,20:42:40,20.259069,85.82415
21-10-2024,20:42:42,20.258914,85.824043
21-10-2024,20:42:43,20.25884,85.823989
21-10-2024,20:42:45,20.258684,85.823883
21-10-2024,20:42:47,20.258516,85.82376
21-10-2024,20:42:48,20.25843,85.823699
21-10-2024,20:42:50,20.258262,85.823577
21-10-2024,20:42:51,20.258188,85.823524
21-10-2024,20:42:53,20.258056,85.823425
21-10-2024,20:42:54,20.258001,85.823387
21-10-2024,20:42:56,20.257905,85.82331
21-10-2024,20:42:58,20.257823,85.823249
21-10-2024,20:42:59,20.257791,85.823226
21-10-2024,20:43:01,20.257736,85.823188
21-10-2024,20:43:02,20.257713,85.823173
21-10-2024,20:43:04,20.257675,85.823143
21-10-2024,20:43:05,20.257658,85.823127
21-10-2024,20:43:07,20.257629,85.823104
21-10-2024,20:43:09,20.2576,85.823089
21-10-2024,20:43:10,20.257591,85.823081
21-10-2024,20:43:12,20.257589,85.823074
21-10-2024,20:43:13,20.257589,85.823074
21-10-2024,20:43:15,20.257585,85.823074
21-10-2024,20:43:16,20.257581,85.823066
21-10-2024,20:43:18,20.257572,85.823059
21-10-2024,20:43:20,20.257547,85.823036
21-10-2024,20:43:21,20.257522,85.82302
21-10-2024,20:43:23,20.257471,85.822982
21-10-2024,20:43:24,20.25744,85.822975
21-10-2024,20:43:26,20.257368,85.822982
21-10-2024,20:43:27,20.257339,85.823013
21-10-2024,20:43:29,20.257276,85.823112
21-10-2024,20:43:31,20.257192,85.823249
21-10-2024,20:43:32,20.257144,85.823333
21-10-2024,20:43:34,20.257038,85.823501
21-10-2024,20:43:35,20.256984,85.823593
21-10-2024,20:43:37,20.256874,85.823768
21-10-2024,20:43:38,20.25682,85.823852
21-10-2024,20:43:40,20.256713,85.824035
21-10-2024,20:43:42,20.256597,85.824234
21-10-2024,20:43:43,20.256536,85.824333
21-10-2024,20:43:45,20.256414,85.824539
21-10-2024,20:43:46,20.256353,85.824638
21-10-2024,20:43:48,20.256233,85.824829
21-10-2024,20:43:49,20.256174,85.824928
21-10-2024,20:43:51,20.256055,85.825141
21-10-2024,20:43:53,20.255952,85.82534
21-10-2024,20:43:54,20.255914,85.825424
21-10-2024,20:43:56,20.255851,85.825569
21-10-2024,20:43:57,20.255823,85.82563
21-10-2024,20:43:59,20.255771,85.825759
21-10-2024,20:44:00,20.255754,85.82582
21-10-2024,20:44:02,20.255741,85.825874
21-10-2024,20:44:03,20.255741,85.825874
21-10-2024,20:44:05,20.255741,85.825874
21-10-2024,20:44:07,20.255741,85.825874
21-10-2024,20:44:08,20.255741,85.825874
21-10-2024,20:44:10,20.255741,85.825866
21-10-2024,20:44:11,20.255741,85.825866
21-10-2024,20:44:13,20.255743,85.825866
21-10-2024,20:44:14,20.255744,85.825866
21-10-2024,20:44:16,20.255746,85.825866
21-10-2024,20:44:18,20.255746,85.825866
21-10-2024,20:44:19,20.255748,85.825866
21-10-2024,20:44:21,20.255741,85.825881
21-10-2024,20:44:22,20.255733,85.825904
21-10-2024,20:44:24,20.255708,85.825965
21-10-2024,20:44:25,20.255697,85.825996
21-10-2024,20:44:27,20.255672,85.826065
21-10-2024,20:44:29,20.255645,85.826133
21-10-2024,20:44:30,20.255634,85.826164
21-10-2024,20:44:32,20.255598,85.826217
21-10-2024,20:44:33,20.255573,85.826225
21-10-2024,20:44:35,20.255519,85.826202
21-10-2024,20:44:36,20.255491,85.826179
21-10-2024,20:44:38,20.255413,85.826133
21-10-2024,20:44:40,20.255321,85.826087
21-10-2024,20:44:41,20.255275,85.826065
21-10-2024,20:44:43,20.255168,85.826019
21-10-2024,20:44:44,20.255111,85.825988
21-10-2024,20:44:46,20.254997,85.825942
21-10-2024,20:44:47,20.254932,85.825912
21-10-2024,20:44:49,20.254796,85.825851
21-10-2024,20:44:51,20.254665,85.82579
21-10-2024,20:44:52,20.254596,85.825759
21-10-2024,20:44:54,20.254451,85.825691
21-10-2024,20:44:55,20.254379,85.82566
21-10-2024,20:44:57,20.25424,85.825592
21-10-2024,20:44:58,20.254171,85.825561
21-10-2024,20:45:00,20.254028,85.8255
21-10-2024,20:45:02,20.253881,85.825431
21-10-2024,20:45:03,20.253808,85.825401
21-10-2024,20:45:05,20.253665,85.82534
21-10-2024,20:45:06,20.253597,85.825302
21-10-2024,20:45:08,20.253456,85.825233
21-10-2024,20:45:09,20.253389,85.825202
21-10-2024,20:45:11,20.253263,85.825149
21-10-2024,20:45:13,20.253168,85.825103
21-10-2024,20:45:14,20.253133,85.825088
21-10-2024,20:45:16,20.25307,85.825057
21-10-2024,20:45:17,20.253034,85.825042
21-10-2024,20:45:19,20.252967,85.825012
21-10-2024,20:45:20,20.252933,85.824996
21-10-2024,20:45:22,20.25288,85.824974
21-10-2024,20:45:24,20.252832,85.824958
21-10-2024,20:45:25,20.252805,85.824943
21-10-2024,20:45:27,20.252731,85.82492
21-10-2024,20:45:28,20.252685,85.824905
21-10-2024,20:45:30,20.252578,85.824874
21-10-2024,20:45:31,20.252525,85.824867
21-10-2024,20:45:33,20.252422,85.824867
21-10-2024,20:45:35,20.252309,85.824874
21-10-2024,20:45:36,20.252248,85.824882
21-10-2024,20:45:38,20.252119,85.824905
21-10-2024,20:45:39,20.252056,85.824935
21-10-2024,20:45:41,20.251928,85.825012
21-10-2024,20:45:42,20.251865,85.825057
21-10-2024,20:45:44,20.251752,85.825126
21-10-2024,20:45:46,20.251674,85.82518
21-10-2024,20:45:47,20.251644,85.825195
21-10-2024,20:45:49,20.251573,85.825248
21-10-2024,20:45:50,20.251531,85.825271
21-10-2024,20:45:52,20.251445,85.825347
21-10-2024,20:45:53,20.251409,85.825378
21-10-2024,20:45:55,20.251359,85.825416
21-10-2024,20:45:57,20.251306,85.825462
21-10-2024,20:45:58,20.251264,85.825477
21-10-2024,20:46:00,20.251157,85.8255
21-10-2024,20:46:01,20.251091,85.825508
21-10-2024,20:46:03,20.250947,85.825531
21-10-2024,20:46:04,20.250879,85.825538
21-10-2024,20:46:06,20.250732,85.825561
21-10-2024,20:46:08,20.250585,85.825584
21-10-2024,20:46:09,20.250514,85.825599
21-10-2024,20:46:11,20.250387,85.825622
21-10-2024,20:46:12,20.250341,85.82563
21-10-2024,20:46:14,20.250251,85.825645
21-10-2024,20:46:15,20.250204,85.825653
21-10-2024,20:46:17,20.250095,85.825668
21-10-2024,20:46:19,20.249963,85.825698
21-10-2024,20:46:20,20.249893,85.825714
21-10-2024,20:46:22,20.249744,85.825744
21-10-2024,20:46:23,20.249664,85.825759
21-10-2024,20:46:25,20.249492,85.825798
21-10-2024,20:46:26,20.249406,85.825813
21-10-2024,20:46:28,20.249242,85.825851
21-10-2024,20:46:30,20.24908,85.825881
21-10-2024,20:46:31,20.249002,85.825904
21-10-2024,20:46:33,20.248846,85.825942
21-10-2024,20:46:34,20.248769,85.825958
21-10-2024,20:46:36,20.248609,85.825996
21-10-2024,20:46:37,20.248533,85.826019
21-10-2024,20:46:39,20.248407,85.826057
21-10-2024,20:46:41,20.248292,85.826087
21-10-2024,20:46:42,20.248237,85.826103
21-10-2024,20:46:44,20.248142,85.826133
21-10-2024,20:46:45,20.248111,85.826141
21-10-2024,20:46:47,20.248065,85.826148
21-10-2024,20:46:48,20.248043,85.826164
21-10-2024,20:46:50,20.247997,85.826179
21-10-2024,20:46:52,20.247949,85.826187
21-10-2024,20:46:53,20.247922,85.826194
21-10-2024,20:46:55,20.247884,85.826202
21-10-2024,20:46:56,20.247873,85.826202
21-10-2024,20:46:58,20.247859,85.82621
21-10-2024,20:46:59,20.24785,85.82621
21-10-2024,20:47:01,20.247821,85.826217
21-10-2024,20:47:03,20.247795,85.826225
21-10-2024,20:47:04,20.247781,85.826232
21-10-2024,20:47:06,20.247756,85.826232
21-10-2024,20:47:07,20.247739,85.82624
21-10-2024,20:47:09,20.247707,85.826248
21-10-2024,20:47:10,20.247692,85.826248
21-10-2024,20:47:12,20.247663,85.826255
21-10-2024,20:47:14,20.247625,85.826263